PC1,PC2,PC3,cohorte,tipo,grupo
-44.35514,4.483319,-49.732765,BRCA,tumor,tumor_BRCA
-64.62393,-35.904766,-59.374397,BRCA,tumor,tumor_BRCA
-52.489277,-26.080923,-40.727646,BRCA,tumor,tumor_BRCA
-49.502037,-47.586483,-61.822315,BRCA,tumor,tumor_BRCA
-57.91072,24.395119,-43.52535,BRCA,tumor,tumor_BRCA
-60.707016,-5.274442,-62.445534,BRCA,tumor,tumor_BRCA
-64.32227,-40.56853,-53.082256,BRCA,tumor,tumor_BRCA
-70.72442,12.860978,-54.247208,BRCA,tumor,tumor_BRCA
-26.214682,-45.490948,-74.34319,BRCA,tumor,tumor_BRCA
-14.406774,-65.49113,-69.54234,BRCA,tumor,tumor_BRCA
-61.283188,-29.084368,-36.245426,BRCA,tumor,tumor_BRCA
-51.08871,-27.30669,-65.484085,BRCA,tumor,tumor_BRCA
-40.891014,-13.83659,-67.306526,BRCA,tumor,tumor_BRCA
-31.754269,-44.6231,-73.52486,BRCA,tumor,tumor_BRCA
-47.735367,28.66065,-66.422325,BRCA,tumor,tumor_BRCA
-51.576424,-29.240532,-78.37809,BRCA,tumor,tumor_BRCA
-34.730247,-22.25013,-69.784966,BRCA,tumor,tumor_BRCA
-61.673786,-23.174583,-44.947323,BRCA,tumor,tumor_BRCA
-46.176994,-46.798477,-53.069065,BRCA,tumor,tumor_BRCA
-43.82436,-24.471975,-67.87393,BRCA,tumor,tumor_BRCA
-42.38521,-43.413635,-66.4546,BRCA,tumor,tumor_BRCA
-43.437145,-64.445274,-43.45568,BRCA,tumor,tumor_BRCA
-47.73105,-35.067608,-68.78205,BRCA,tumor,tumor_BRCA
-59.427135,-26.503216,-49.542374,BRCA,tumor,tumor_BRCA
-65.94305,-15.974242,-52.57687,BRCA,tumor,tumor_BRCA
-51.22789,-9.574499,-65.69832,BRCA,tumor,tumor_BRCA
-23.234074,21.473928,-69.17013,BRCA,tumor,tumor_BRCA
-54.71016,15.409313,-69.92492,BRCA,tumor,tumor_BRCA
-54.576687,29.307577,-68.038086,BRCA,tumor,tumor_BRCA
-16.766043,-36.104984,-69.36247,BRCA,tumor,tumor_BRCA
-64.40166,-2.3208802,-63.1587,BRCA,tumor,tumor_BRCA
-47.472908,-29.01984,-70.64208,BRCA,tumor,tumor_BRCA
-60.797897,-17.67565,-57.950512,BRCA,tumor,tumor_BRCA
-37.737637,-16.092182,-67.74015,BRCA,tumor,tumor_BRCA
-49.85034,43.46471,-65.66607,BRCA,tumor,tumor_BRCA
-49.341263,-62.656948,-48.941242,BRCA,tumor,tumor_BRCA
-42.904213,-47.2598,-72.095184,BRCA,tumor,tumor_BRCA
-39.16183,-36.95681,-70.55891,BRCA,tumor,tumor_BRCA
-43.399666,-42.383244,-73.96469,BRCA,tumor,tumor_BRCA
-21.586447,-65.6699,-61.7863,BRCA,tumor,tumor_BRCA
-58.27705,11.599591,-59.011433,BRCA,tumor,tumor_BRCA
-64.43838,22.722235,-36.27166,BRCA,tumor,tumor_BRCA
-63.47812,-24.223246,-47.88479,BRCA,tumor,tumor_BRCA
-25.801893,-29.08415,-75.15837,BRCA,tumor,tumor_BRCA
-63.06959,-13.747613,-58.871635,BRCA,tumor,tumor_BRCA
-63.506523,-17.199802,-53.26741,BRCA,tumor,tumor_BRCA
-46.925537,-29.995855,-61.43492,BRCA,tumor,tumor_BRCA
-41.916924,-14.23319,-42.367256,BRCA,tumor,tumor_BRCA
-59.052414,-10.733733,-60.297607,BRCA,tumor,tumor_BRCA
-61.577602,-23.706188,-61.39092,BRCA,tumor,tumor_BRCA
-63.814987,6.3793616,-45.05427,BRCA,tumor,tumor_BRCA
-38.922134,-49.20471,-72.47414,BRCA,tumor,tumor_BRCA
-43.999996,-30.880568,-47.719376,BRCA,tumor,tumor_BRCA
-58.176456,-9.8253565,-63.438534,BRCA,tumor,tumor_BRCA
-38.17991,-25.696636,-57.824245,BRCA,tumor,tumor_BRCA
-59.64543,-11.123639,-52.66676,BRCA,tumor,tumor_BRCA
-58.303604,-28.831276,-45.687614,BRCA,tumor,tumor_BRCA
-61.217293,3.792411,-74.79143,BRCA,tumor,tumor_BRCA
-41.41423,30.32325,-68.28063,BRCA,tumor,tumor_BRCA
-65.91863,18.381725,-30.928097,BRCA,tumor,tumor_BRCA
-28.753325,-33.883026,-81.80288,BRCA,tumor,tumor_BRCA
-43.544106,-49.027256,-64.197495,BRCA,tumor,tumor_BRCA
-9.237418,-61.764454,-83.542625,BRCA,tumor,tumor_BRCA
-61.728065,-17.444008,-59.169014,BRCA,tumor,tumor_BRCA
-41.049618,-20.919527,-75.249054,BRCA,tumor,tumor_BRCA
-8.10434,-1.9139599,-78.94795,BRCA,tumor,tumor_BRCA
-41.45727,-28.681656,-70.16963,BRCA,tumor,tumor_BRCA
-46.3123,26.379658,-58.844807,BRCA,tumor,tumor_BRCA
-58.887276,-8.41627,-62.880386,BRCA,tumor,tumor_BRCA
-25.602062,-61.24989,-78.994064,BRCA,tumor,tumor_BRCA
-45.63792,43.532814,-56.91548,BRCA,tumor,tumor_BRCA
-59.842377,2.553002,-61.865757,BRCA,tumor,tumor_BRCA
-37.100307,-35.982037,-84.27309,BRCA,tumor,tumor_BRCA
-66.45415,-19.295795,-52.485176,BRCA,tumor,tumor_BRCA
-21.242569,-76.970375,-59.87969,BRCA,tumor,tumor_BRCA
-74.17879,-10.555324,-52.58356,BRCA,tumor,tumor_BRCA
-47.215603,-6.1570983,-70.257965,BRCA,tumor,tumor_BRCA
-49.204636,-4.218894,-68.268295,BRCA,tumor,tumor_BRCA
-44.280792,-38.650627,-42.09862,BRCA,tumor,tumor_BRCA
-38.473324,-23.117441,-68.26029,BRCA,tumor,tumor_BRCA
-52.15364,-0.1249788,-63.806786,BRCA,tumor,tumor_BRCA
-51.771946,-18.509169,-49.18682,BRCA,tumor,tumor_BRCA
-27.628782,-29.995974,-62.699738,BRCA,tumor,tumor_BRCA
-34.52598,19.000782,-78.92029,BRCA,tumor,tumor_BRCA
-39.13646,-27.42422,-72.96438,BRCA,tumor,tumor_BRCA
-59.051727,11.651256,-25.049814,BRCA,tumor,tumor_BRCA
-42.558388,-58.02739,-57.97125,BRCA,tumor,tumor_BRCA
-63.618164,7.568478,-72.17105,BRCA,tumor,tumor_BRCA
-19.64139,-30.186481,-88.719536,BRCA,tumor,tumor_BRCA
-34.456924,-63.355778,-58.46175,BRCA,tumor,tumor_BRCA
-52.573437,-22.425413,-60.86781,BRCA,tumor,tumor_BRCA
-48.307987,-7.7801566,-66.70809,BRCA,tumor,tumor_BRCA
-57.710663,-10.072078,-21.788656,BRCA,tumor,tumor_BRCA
-39.549694,26.98844,-60.79407,BRCA,tumor,tumor_BRCA
-48.429295,-18.557766,-31.067225,BRCA,tumor,tumor_BRCA
-29.885931,-15.87931,-67.547295,BRCA,tumor,tumor_BRCA
-42.090393,-26.637026,-73.96623,BRCA,tumor,tumor_BRCA
-57.67527,-2.611616,-67.477806,BRCA,tumor,tumor_BRCA
-50.779125,-29.222136,-56.012917,BRCA,tumor,tumor_BRCA
-48.748146,7.207847,-67.66372,BRCA,tumor,tumor_BRCA
-43.627666,36.12383,-68.57014,BRCA,tumor,tumor_BRCA
-33.708065,-18.00985,-70.32567,BRCA,tumor,tumor_BRCA
-30.962372,-15.25168,-80.829926,BRCA,tumor,tumor_BRCA
-64.59369,-16.199562,-46.58592,BRCA,tumor,tumor_BRCA
-62.747383,2.8306527,-66.731865,BRCA,tumor,tumor_BRCA
-63.225323,-19.256067,-59.242043,BRCA,tumor,tumor_BRCA
-54.977993,-38.246567,-65.17585,BRCA,tumor,tumor_BRCA
-51.273266,-4.352932,-72.59656,BRCA,tumor,tumor_BRCA
-53.45765,13.202682,-56.481617,BRCA,tumor,tumor_BRCA
-43.52585,-48.536186,-69.16463,BRCA,tumor,tumor_BRCA
-27.089994,-41.209053,-61.88626,BRCA,tumor,tumor_BRCA
-31.945766,2.2149215,-43.920345,BRCA,tumor,tumor_BRCA
-50.694405,-35.312298,-31.812544,BRCA,tumor,tumor_BRCA
-61.924664,-3.2412918,-60.407574,BRCA,tumor,tumor_BRCA
-52.97686,-17.501415,-34.21575,BRCA,tumor,tumor_BRCA
-26.39958,-74.51078,-47.206333,BRCA,tumor,tumor_BRCA
-49.44286,-35.51627,-55.58259,BRCA,tumor,tumor_BRCA
-62.90597,-32.951984,-54.26385,BRCA,tumor,tumor_BRCA
-47.245846,-8.246814,-75.07543,BRCA,tumor,tumor_BRCA
-53.92268,30.046192,-70.20177,BRCA,tumor,tumor_BRCA
-73.596634,-4.3752947,-33.829285,BRCA,tumor,tumor_BRCA
-62.29544,5.2138104,-49.287437,BRCA,tumor,tumor_BRCA
-38.22489,-62.83162,-72.33893,BRCA,tumor,tumor_BRCA
-56.395664,19.221346,-68.57197,BRCA,tumor,tumor_BRCA
-30.412115,10.877135,-58.774654,BRCA,tumor,tumor_BRCA
-34.01065,-41.369335,-63.353996,BRCA,tumor,tumor_BRCA
-42.94157,-3.1530316,-68.34068,BRCA,tumor,tumor_BRCA
-43.21853,9.440526,-27.15947,BRCA,tumor,tumor_BRCA
-59.705513,-24.871693,-55.62032,BRCA,tumor,tumor_BRCA
-42.3286,-28.214876,-67.52091,BRCA,tumor,tumor_BRCA
-69.77287,51.352814,-28.419117,BRCA,tumor,tumor_BRCA
-60.867844,58.479973,-47.012066,BRCA,tumor,tumor_BRCA
-62.7327,-14.892182,-47.573967,BRCA,tumor,tumor_BRCA
-55.514164,-44.34452,-69.08819,BRCA,tumor,tumor_BRCA
-36.87532,-37.389122,-71.58669,BRCA,tumor,tumor_BRCA
-50.83688,-56.907753,-35.69446,BRCA,tumor,tumor_BRCA
-41.99971,-10.565267,-69.30719,BRCA,tumor,tumor_BRCA
-35.257023,-25.646347,-76.737076,BRCA,tumor,tumor_BRCA
-67.336136,-32.151714,-46.935295,BRCA,tumor,tumor_BRCA
-33.9072,-52.71294,-61.59601,BRCA,tumor,tumor_BRCA
-48.94917,-45.404305,-59.75568,BRCA,tumor,tumor_BRCA
-32.513817,-5.582876,-51.079105,BRCA,tumor,tumor_BRCA
-40.924576,12.820179,-46.423904,BRCA,tumor,tumor_BRCA
-56.37996,17.766891,-52.981483,BRCA,tumor,tumor_BRCA
-23.178547,-52.386093,-74.36172,BRCA,tumor,tumor_BRCA
-38.05004,-9.037086,-57.469513,BRCA,tumor,tumor_BRCA
-55.900803,-35.197166,-68.51456,BRCA,tumor,tumor_BRCA
-74.94076,52.76916,-42.068382,BRCA,tumor,tumor_BRCA
-38.299713,-55.18776,-71.68631,BRCA,tumor,tumor_BRCA
-80.66577,-0.38536337,-56.673157,BRCA,tumor,tumor_BRCA
-59.850616,28.889282,-41.61146,BRCA,tumor,tumor_BRCA
-53.977917,33.856483,-54.71138,BRCA,tumor,tumor_BRCA
-78.22879,-7.282644,-26.489874,BRCA,tumor,tumor_BRCA
-61.190483,1.2761554,-70.9921,BRCA,tumor,tumor_BRCA
-46.214443,-22.284489,-55.857445,BRCA,tumor,tumor_BRCA
-50.183773,-20.566278,-77.83558,BRCA,tumor,tumor_BRCA
-51.26537,-41.20945,-54.43306,BRCA,tumor,tumor_BRCA
-49.449955,-10.895554,-53.503754,BRCA,tumor,tumor_BRCA
-37.977455,4.6889224,-62.21551,BRCA,tumor,tumor_BRCA
-10.628741,3.0479841,-36.087944,BRCA,tumor,tumor_BRCA
-78.605606,-4.9162974,-11.39979,BRCA,tumor,tumor_BRCA
-62.83747,12.073907,-57.986523,BRCA,tumor,tumor_BRCA
-58.046917,-0.7643622,-54.68486,BRCA,tumor,tumor_BRCA
-63.652657,31.568823,-55.80375,BRCA,tumor,tumor_BRCA
-67.16645,-20.356167,-55.193913,BRCA,tumor,tumor_BRCA
-28.76373,-41.207474,-79.91316,BRCA,tumor,tumor_BRCA
-44.299747,-22.81009,-52.576366,BRCA,tumor,tumor_BRCA
-77.54933,-5.5067015,-46.116814,BRCA,tumor,tumor_BRCA
-69.04658,-5.1563897,-51.770218,BRCA,tumor,tumor_BRCA
-45.430527,-10.585105,-43.135113,BRCA,tumor,tumor_BRCA
-48.087795,-50.17553,-59.0217,BRCA,tumor,tumor_BRCA
-53.75862,-12.669119,-77.61601,BRCA,tumor,tumor_BRCA
-30.968468,28.793802,-74.85244,BRCA,tumor,tumor_BRCA
-61.568142,14.82918,-59.54649,BRCA,tumor,tumor_BRCA
-73.8791,29.28872,-29.68196,BRCA,tumor,tumor_BRCA
-41.39201,-35.950325,-81.64064,BRCA,tumor,tumor_BRCA
-49.407406,-26.296444,-51.937378,BRCA,tumor,tumor_BRCA
-43.96337,11.893132,-63.07591,BRCA,tumor,tumor_BRCA
-63.18874,-32.71902,-50.912827,BRCA,tumor,tumor_BRCA
-43.147297,-44.279408,-65.25601,BRCA,tumor,tumor_BRCA
-72.36526,6.925092,-38.61643,BRCA,tumor,tumor_BRCA
-60.014805,-18.311083,-51.281105,BRCA,tumor,tumor_BRCA
-14.352153,-66.15466,-68.95426,BRCA,tumor,tumor_BRCA
-34.915688,-41.35816,-64.1497,BRCA,tumor,tumor_BRCA
-51.81452,1.5014063,-59.8869,BRCA,tumor,tumor_BRCA
-59.56019,-34.7384,-54.583004,BRCA,tumor,tumor_BRCA
-61.344944,13.958822,-73.85217,BRCA,tumor,tumor_BRCA
-50.7609,-51.303146,-51.713264,BRCA,tumor,tumor_BRCA
-47.947395,-23.752882,-60.101967,BRCA,tumor,tumor_BRCA
-53.51912,-24.41326,-65.709854,BRCA,tumor,tumor_BRCA
-67.88421,-0.3487664,-58.8565,BRCA,tumor,tumor_BRCA
-19.4792,-81.17406,-42.796383,BRCA,tumor,tumor_BRCA
-67.455696,10.2460985,-44.802303,BRCA,tumor,tumor_BRCA
-21.815308,47.382492,-66.82922,BRCA,tumor,tumor_BRCA
-47.7386,-26.663645,-72.124016,BRCA,tumor,tumor_BRCA
-59.140255,-14.797286,-44.03237,BRCA,tumor,tumor_BRCA
-49.419327,-22.986084,-54.269974,BRCA,tumor,tumor_BRCA
-29.432217,-2.173516,-54.719513,BRCA,tumor,tumor_BRCA
-63.480053,-17.041948,-54.49113,BRCA,tumor,tumor_BRCA
-73.69692,-31.035662,-44.2735,BRCA,tumor,tumor_BRCA
-62.3344,-1.209564,-56.490803,BRCA,tumor,tumor_BRCA
-66.93601,38.0774,-41.678623,BRCA,tumor,tumor_BRCA
-13.553869,-35.0596,-72.01125,BRCA,tumor,tumor_BRCA
-55.613396,-8.602467,-56.24097,BRCA,tumor,tumor_BRCA
-73.11077,14.881353,-24.940817,BRCA,tumor,tumor_BRCA
-77.08057,2.3574035,-63.824883,BRCA,tumor,tumor_BRCA
-44.59465,-17.451765,-64.06127,BRCA,tumor,tumor_BRCA
-43.39006,-45.419178,-59.67276,BRCA,tumor,tumor_BRCA
-54.548717,-32.572025,-52.437325,BRCA,tumor,tumor_BRCA
-58.621502,27.603622,-46.787262,BRCA,tumor,tumor_BRCA
-52.58759,9.206177,-47.083374,BRCA,tumor,tumor_BRCA
-56.631977,20.739096,-54.623177,BRCA,tumor,tumor_BRCA
-28.897474,3.598586,-77.213905,BRCA,tumor,tumor_BRCA
-53.146217,-8.452551,-63.33877,BRCA,tumor,tumor_BRCA
-43.053608,-25.690832,-66.97119,BRCA,tumor,tumor_BRCA
-79.47291,-8.991407,-43.211994,BRCA,tumor,tumor_BRCA
-62.28547,11.095174,-12.074749,BRCA,tumor,tumor_BRCA
-47.57124,-29.109797,-60.531013,BRCA,tumor,tumor_BRCA
-58.38176,-21.7793,-33.68253,BRCA,tumor,tumor_BRCA
-50.120476,-26.64601,-62.216717,BRCA,tumor,tumor_BRCA
-7.4700837,-21.474783,-76.57197,BRCA,tumor,tumor_BRCA
-43.332516,27.28809,-49.5263,BRCA,tumor,tumor_BRCA
-63.816895,-37.734383,-46.208946,BRCA,tumor,tumor_BRCA
-31.843052,-38.045143,-71.59045,BRCA,tumor,tumor_BRCA
-41.959568,12.290307,-73.7968,BRCA,tumor,tumor_BRCA
-37.938454,-38.298843,-62.315453,BRCA,tumor,tumor_BRCA
-59.766613,5.435928,-61.02852,BRCA,tumor,tumor_BRCA
-47.625206,-31.395979,-24.990633,BRCA,tumor,tumor_BRCA
-10.636738,-40.322567,-85.14743,BRCA,tumor,tumor_BRCA
-55.705067,-1.6720566,-59.27071,BRCA,tumor,tumor_BRCA
-33.230022,-14.252001,-83.5215,BRCA,tumor,tumor_BRCA
-59.054768,-43.220024,-54.93484,BRCA,tumor,tumor_BRCA
-38.145786,37.323414,-49.746235,BRCA,tumor,tumor_BRCA
-27.497942,-68.72508,-55.062325,BRCA,tumor,tumor_BRCA
-57.83031,2.5221105,-66.355064,BRCA,tumor,tumor_BRCA
-56.364746,-11.950454,-61.67346,BRCA,tumor,tumor_BRCA
-44.800438,-42.978138,-51.090843,BRCA,tumor,tumor_BRCA
-66.1331,-3.3711884,-30.23342,BRCA,tumor,tumor_BRCA
-53.323586,-6.7496266,-56.143833,BRCA,tumor,tumor_BRCA
-51.535667,25.322157,-56.03665,BRCA,tumor,tumor_BRCA
-71.652054,46.939133,-45.656574,BRCA,tumor,tumor_BRCA
-64.20135,3.1835852,-61.86799,BRCA,tumor,tumor_BRCA
-62.823334,8.180573,-41.25021,BRCA,tumor,tumor_BRCA
-45.563194,-4.6789846,-38.35893,BRCA,tumor,tumor_BRCA
-41.188896,35.426014,-66.03331,BRCA,tumor,tumor_BRCA
-41.36265,-31.143408,-58.145996,BRCA,tumor,tumor_BRCA
-60.927544,-13.316082,-54.572536,BRCA,tumor,tumor_BRCA
-72.18046,33.251846,-23.715193,BRCA,tumor,tumor_BRCA
-31.340395,-53.4605,-68.440834,BRCA,tumor,tumor_BRCA
-53.699966,1.1817654,-63.52642,BRCA,tumor,tumor_BRCA
-44.313995,-14.796526,-79.31131,BRCA,tumor,tumor_BRCA
-51.178833,-26.715212,-62.801235,BRCA,tumor,tumor_BRCA
-60.521534,-5.0283256,-20.77439,BRCA,tumor,tumor_BRCA
-44.51157,-7.1223865,-36.485367,BRCA,tumor,tumor_BRCA
-25.103176,-59.121094,-64.78574,BRCA,tumor,tumor_BRCA
-38.918823,-7.2820477,-68.14702,BRCA,tumor,tumor_BRCA
-41.98573,28.865679,-59.78564,BRCA,tumor,tumor_BRCA
-74.26641,37.162624,-11.968799,BRCA,tumor,tumor_BRCA
-44.5921,-35.356247,-59.887146,BRCA,tumor,tumor_BRCA
-35.884266,-12.903249,-51.038456,BRCA,tumor,tumor_BRCA
-60.479237,-6.190568,-27.77794,BRCA,tumor,tumor_BRCA
-52.01256,32.54572,-48.123405,BRCA,tumor,tumor_BRCA
-34.193764,-3.1519454,-65.03385,BRCA,tumor,tumor_BRCA
-75.48642,6.0927596,-52.610893,BRCA,tumor,tumor_BRCA
-31.861115,-43.783638,-66.451096,BRCA,tumor,tumor_BRCA
-13.918397,13.974332,-80.75041,BRCA,tumor,tumor_BRCA
-73.374405,48.309975,-37.784386,BRCA,tumor,tumor_BRCA
-46.860767,-20.43382,-53.894295,BRCA,tumor,tumor_BRCA
-61.85246,6.5545344,-65.37367,BRCA,tumor,tumor_BRCA
-38.235943,-22.447065,-55.921806,BRCA,tumor,tumor_BRCA
-42.64924,-43.02464,-62.230545,BRCA,tumor,tumor_BRCA
-24.12584,-46.042007,-74.14158,BRCA,tumor,tumor_BRCA
-40.250305,-61.222206,-56.4492,BRCA,tumor,tumor_BRCA
-69.44013,-15.411152,-55.19995,BRCA,tumor,tumor_BRCA
-44.536633,-48.538784,-60.588383,BRCA,tumor,tumor_BRCA
-29.135078,16.847971,-61.60071,BRCA,tumor,tumor_BRCA
-24.028719,-40.329887,-75.57295,BRCA,tumor,tumor_BRCA
-65.34208,5.267247,-62.767838,BRCA,tumor,tumor_BRCA
-54.2373,-12.188314,-27.634909,BRCA,tumor,tumor_BRCA
-41.38647,-13.757521,-66.01402,BRCA,tumor,tumor_BRCA
-70.5549,-10.872535,-41.54797,BRCA,tumor,tumor_BRCA
-52.362133,-37.15679,-64.324356,BRCA,tumor,tumor_BRCA
-65.77511,7.5272326,-43.61155,BRCA,tumor,tumor_BRCA
-64.92474,10.211411,-48.03936,BRCA,tumor,tumor_BRCA
-49.03707,-35.12896,-64.63486,BRCA,tumor,tumor_BRCA
-53.16589,17.952171,-69.42632,BRCA,tumor,tumor_BRCA
-59.86056,-32.510906,-63.942993,BRCA,tumor,tumor_BRCA
-57.796566,25.999367,-58.435028,BRCA,tumor,tumor_BRCA
-29.899767,6.6290345,-68.05728,BRCA,tumor,tumor_BRCA
-55.804646,-11.839536,-64.57717,BRCA,tumor,tumor_BRCA
-23.623972,3.4481406,-73.82914,BRCA,tumor,tumor_BRCA
-58.749382,-14.950083,-14.253592,BRCA,tumor,tumor_BRCA
-59.007893,-19.185934,-70.66153,BRCA,tumor,tumor_BRCA
-44.909298,-6.4349627,-30.866503,BRCA,tumor,tumor_BRCA
-80.33296,39.608982,-35.778934,BRCA,tumor,tumor_BRCA
-40.79487,30.80321,-63.031754,BRCA,tumor,tumor_BRCA
-60.254112,10.008052,-71.529785,BRCA,tumor,tumor_BRCA
-39.988503,-9.852833,-22.449682,BRCA,tumor,tumor_BRCA
-74.80641,-0.53061783,-58.899216,BRCA,tumor,tumor_BRCA
-62.952385,-1.5789591,-65.823296,BRCA,tumor,tumor_BRCA
-60.368435,-0.21837538,-60.390244,BRCA,tumor,tumor_BRCA
-46.263966,28.69668,-61.7091,BRCA,tumor,tumor_BRCA
-69.5649,-2.7417285,-51.49551,BRCA,tumor,tumor_BRCA
-59.41703,-8.243057,-58.666943,BRCA,tumor,tumor_BRCA
-47.49015,54.23807,-47.45937,BRCA,tumor,tumor_BRCA
-17.155994,-10.782149,-64.184204,BRCA,tumor,tumor_BRCA
-25.731155,-29.18377,-81.508095,BRCA,tumor,tumor_BRCA
-59.740067,-14.256632,-54.755653,BRCA,tumor,tumor_BRCA
-47.367847,-13.537991,-73.06886,BRCA,tumor,tumor_BRCA
-53.334057,15.020539,-42.73132,BRCA,tumor,tumor_BRCA
-53.77006,-1.213865,-37.216694,BRCA,tumor,tumor_BRCA
-49.70854,-23.951687,-36.123936,BRCA,tumor,tumor_BRCA
-20.132822,-6.5711484,-80.930176,BRCA,tumor,tumor_BRCA
-48.19032,-12.436106,-64.0251,BRCA,tumor,tumor_BRCA
-63.301014,-8.223871,-46.64143,BRCA,tumor,tumor_BRCA
-62.55017,-12.8783045,-54.892677,BRCA,tumor,tumor_BRCA
-40.512897,6.543164,-57.329197,BRCA,tumor,tumor_BRCA
-46.111427,-56.30544,-55.713432,BRCA,tumor,tumor_BRCA
-38.16487,-31.943253,-70.013794,BRCA,tumor,tumor_BRCA
-42.712807,-63.906513,-58.58603,BRCA,tumor,tumor_BRCA
-75.52964,0.09963215,-42.565517,BRCA,tumor,tumor_BRCA
-60.568863,-20.582287,-61.295986,BRCA,tumor,tumor_BRCA
-40.202335,38.979565,-57.666294,BRCA,tumor,tumor_BRCA
-37.292675,26.191708,-61.74825,BRCA,tumor,tumor_BRCA
-18.94017,-48.589245,-74.68807,BRCA,tumor,tumor_BRCA
-54.184036,-9.829255,-67.13306,BRCA,tumor,tumor_BRCA
-57.925373,22.79327,-29.431763,BRCA,tumor,tumor_BRCA
-51.49963,-18.773748,-64.83991,BRCA,tumor,tumor_BRCA
-74.04041,-34.64746,-39.646095,BRCA,tumor,tumor_BRCA
-54.29612,-1.3351347,-46.774254,BRCA,tumor,tumor_BRCA
-65.19428,-23.266222,-11.498446,BRCA,tumor,tumor_BRCA
-44.68505,-74.75372,-36.29457,BRCA,tumor,tumor_BRCA
-55.459793,-2.9454782,-64.62482,BRCA,tumor,tumor_BRCA
-62.465607,-18.810833,-49.49679,BRCA,tumor,tumor_BRCA
-53.098248,9.171331,-57.540737,BRCA,tumor,tumor_BRCA
-57.658424,10.316688,-72.79026,BRCA,tumor,tumor_BRCA
-55.81553,-9.058075,-67.02316,BRCA,tumor,tumor_BRCA
-38.36931,0.19520159,-62.706398,BRCA,tumor,tumor_BRCA
-78.2605,5.666808,-45.299236,BRCA,tumor,tumor_BRCA
-49.11443,-6.8030796,-71.91767,BRCA,tumor,tumor_BRCA
-40.952477,-70.13555,-54.911945,BRCA,tumor,tumor_BRCA
-47.99201,-36.277916,-61.834164,BRCA,tumor,tumor_BRCA
-43.937473,-49.09158,-66.70767,BRCA,tumor,tumor_BRCA
-44.541264,-34.759514,-71.67927,BRCA,tumor,tumor_BRCA
-51.702175,-6.8701363,-70.43546,BRCA,tumor,tumor_BRCA
-61.99744,-15.506116,-36.22318,BRCA,tumor,tumor_BRCA
-61.140854,-33.50308,-70.02456,BRCA,tumor,tumor_BRCA
-52.1495,-17.221195,-62.51648,BRCA,tumor,tumor_BRCA
-59.886868,5.3883147,-37.25392,BRCA,tumor,tumor_BRCA
-63.647217,-12.628731,-59.884357,BRCA,tumor,tumor_BRCA
-29.616991,39.80582,-39.22785,BRCA,tumor,tumor_BRCA
-43.092033,51.406494,-64.5418,BRCA,tumor,tumor_BRCA
-47.9786,21.602144,-50.181366,BRCA,tumor,tumor_BRCA
-44.144745,-19.338951,-65.650246,BRCA,tumor,tumor_BRCA
-64.25213,13.854603,-52.697704,BRCA,tumor,tumor_BRCA
-12.89831,-46.04446,-66.02052,BRCA,tumor,tumor_BRCA
-73.299095,-11.992825,-50.137085,BRCA,tumor,tumor_BRCA
-51.74248,-6.7435327,-77.98556,BRCA,tumor,tumor_BRCA
-54.909588,-47.11303,-60.951508,BRCA,tumor,tumor_BRCA
-29.383842,-41.31023,-77.086975,BRCA,tumor,tumor_BRCA
-45.02101,-39.780247,-61.599438,BRCA,tumor,tumor_BRCA
-44.381527,52.053955,-61.62774,BRCA,tumor,tumor_BRCA
-44.664776,-4.924112,-47.939365,BRCA,tumor,tumor_BRCA
-67.08838,26.946459,-47.788784,BRCA,tumor,tumor_BRCA
-59.680077,-2.9252021,-66.18411,BRCA,tumor,tumor_BRCA
-69.26106,5.1522036,-51.598553,BRCA,tumor,tumor_BRCA
-51.485474,-14.934954,-60.743916,BRCA,tumor,tumor_BRCA
-32.80481,-21.034174,-62.656895,BRCA,tumor,tumor_BRCA
-60.56726,-30.933256,-48.337246,BRCA,tumor,tumor_BRCA
-21.527445,-79.579765,-48.246563,BRCA,tumor,tumor_BRCA
-28.691282,-25.669472,-84.550644,BRCA,tumor,tumor_BRCA
-32.110546,-2.8177485,-70.0828,BRCA,tumor,tumor_BRCA
-55.32261,-5.0294414,-64.89464,BRCA,tumor,tumor_BRCA
-62.150383,2.441984,-70.49225,BRCA,tumor,tumor_BRCA
-55.873535,9.679002,-45.63859,BRCA,tumor,tumor_BRCA
-40.84779,-49.875656,-69.925316,BRCA,tumor,tumor_BRCA
-50.884125,-47.84477,-55.876347,BRCA,tumor,tumor_BRCA
-69.50316,-16.335142,-45.520412,BRCA,tumor,tumor_BRCA
-59.491024,-3.1485593,-68.580025,BRCA,tumor,tumor_BRCA
-58.28334,-34.480415,-50.0943,BRCA,tumor,tumor_BRCA
-65.28665,-28.27007,-64.33802,BRCA,tumor,tumor_BRCA
-65.03087,-27.775133,-50.600708,BRCA,tumor,tumor_BRCA
-42.653748,-14.718166,-82.609985,BRCA,tumor,tumor_BRCA
-57.47478,-13.606637,-64.52253,BRCA,tumor,tumor_BRCA
-50.077553,-9.932893,-66.20616,BRCA,tumor,tumor_BRCA
-50.28103,8.843872,-54.966293,BRCA,tumor,tumor_BRCA
-39.788345,16.391426,-53.68014,BRCA,tumor,tumor_BRCA
-59.818882,-49.92796,-49.972076,BRCA,tumor,tumor_BRCA
-22.25934,5.0890417,-73.618004,BRCA,tumor,tumor_BRCA
-55.43276,-4.389954,-53.842308,BRCA,tumor,tumor_BRCA
-66.04882,-22.295998,-61.163567,BRCA,tumor,tumor_BRCA
-50.75116,-41.76607,-52.189842,BRCA,tumor,tumor_BRCA
-50.179462,11.084338,-58.292892,BRCA,tumor,tumor_BRCA
-55.941086,-35.260056,-49.807625,BRCA,tumor,tumor_BRCA
-81.91579,53.409462,7.0019236,BRCA,tumor,tumor_BRCA
-72.4227,51.008743,-39.385284,BRCA,tumor,tumor_BRCA
-44.4123,-24.95914,-72.69293,BRCA,tumor,tumor_BRCA
-38.517628,-13.859044,-59.726215,BRCA,tumor,tumor_BRCA
-44.501892,-30.943462,-84.36223,BRCA,tumor,tumor_BRCA
-63.122833,28.445692,-10.254721,BRCA,tumor,tumor_BRCA
-36.816433,-42.524075,-74.50167,BRCA,tumor,tumor_BRCA
-43.49427,6.4462132,-56.808044,BRCA,tumor,tumor_BRCA
-36.31002,21.018072,-52.015717,BRCA,tumor,tumor_BRCA
-54.018963,-32.93454,-59.541103,BRCA,tumor,tumor_BRCA
-47.22209,21.092419,-54.04567,BRCA,tumor,tumor_BRCA
-42.78054,-11.828238,-39.793407,BRCA,tumor,tumor_BRCA
-53.32943,-27.937277,-64.64072,BRCA,tumor,tumor_BRCA
-34.56426,-25.976974,-67.78634,BRCA,tumor,tumor_BRCA
-65.776276,2.3239448,-60.152542,BRCA,tumor,tumor_BRCA
-35.487625,-19.532398,-55.950466,BRCA,tumor,tumor_BRCA
-45.186283,-2.5539339,-83.41151,BRCA,tumor,tumor_BRCA
-52.02499,-12.617114,-72.38547,BRCA,tumor,tumor_BRCA
-72.07772,32.968582,-50.76766,BRCA,tumor,tumor_BRCA
-56.03986,-32.241875,-64.32814,BRCA,tumor,tumor_BRCA
-57.567978,23.619434,-60.634167,BRCA,tumor,tumor_BRCA
-43.11103,-27.61216,-77.817665,BRCA,tumor,tumor_BRCA
-41.213818,1.4131625,-57.76966,BRCA,tumor,tumor_BRCA
-45.951687,17.889202,-36.07723,BRCA,tumor,tumor_BRCA
-51.09533,-41.238106,-27.252516,BRCA,tumor,tumor_BRCA
-53.340195,-25.170414,-67.51739,BRCA,tumor,tumor_BRCA
-43.422848,-33.76827,-38.40402,BRCA,tumor,tumor_BRCA
-54.10376,57.51812,-45.02936,BRCA,tumor,tumor_BRCA
-40.246155,-31.651333,-72.199585,BRCA,tumor,tumor_BRCA
-46.40479,-34.18037,-81.34196,BRCA,tumor,tumor_BRCA
-46.792652,-25.009558,-60.821766,BRCA,tumor,tumor_BRCA
-59.58263,-8.150839,-62.53989,BRCA,tumor,tumor_BRCA
-78.13424,9.7859,-54.37964,BRCA,tumor,tumor_BRCA
-36.88902,-15.6239395,-59.450314,BRCA,tumor,tumor_BRCA
-64.27521,-13.692946,-41.68885,BRCA,tumor,tumor_BRCA
-70.411354,-31.248579,-52.51943,BRCA,tumor,tumor_BRCA
-23.23516,-59.089962,-73.02905,BRCA,tumor,tumor_BRCA
-30.109621,-55.526203,-68.6072,BRCA,tumor,tumor_BRCA
-47.52221,-18.0611,-63.554607,BRCA,tumor,tumor_BRCA
-31.806314,-41.55089,-65.933716,BRCA,tumor,tumor_BRCA
-58.66456,-25.359777,-59.894497,BRCA,tumor,tumor_BRCA
-46.14263,-11.0079565,-69.62365,BRCA,tumor,tumor_BRCA
-36.34096,14.019106,-60.925076,BRCA,tumor,tumor_BRCA
-32.91737,-50.26825,-69.551056,BRCA,tumor,tumor_BRCA
-54.838654,-15.715488,-51.82528,BRCA,tumor,tumor_BRCA
-53.905384,23.338043,-58.75165,BRCA,tumor,tumor_BRCA
-46.97785,0.84179986,-63.26744,BRCA,tumor,tumor_BRCA
-62.604584,2.3473773,-51.667618,BRCA,tumor,tumor_BRCA
-22.53967,-26.82828,-54.872673,BRCA,tumor,tumor_BRCA
-62.7526,29.14082,-45.434536,BRCA,tumor,tumor_BRCA
-47.469727,-17.55214,-61.743305,BRCA,tumor,tumor_BRCA
-48.015556,-30.157347,-70.32393,BRCA,tumor,tumor_BRCA
-25.521769,-2.4097848,-73.99522,BRCA,tumor,tumor_BRCA
-76.97366,24.026596,-39.499622,BRCA,tumor,tumor_BRCA
-22.72805,-73.01362,-48.412655,BRCA,normal,normal_BRCA
-5.2783804,-72.03698,-49.603954,BRCA,normal,normal_BRCA
42.922108,-69.30698,-46.58946,BRCA,normal,normal_BRCA
44.0352,-51.07729,-52.227707,BRCA,normal,normal_BRCA
21.248394,-88.65032,-57.414696,BRCA,normal,normal_BRCA
10.938118,-85.35852,-48.81215,BRCA,normal,normal_BRCA
59.83601,-82.248985,-35.45699,BRCA,normal,normal_BRCA
3.652317,-95.21107,-52.33584,BRCA,normal,normal_BRCA
3.3484178,-89.36513,-53.287373,BRCA,normal,normal_BRCA
-22.728123,-65.40337,-56.636745,BRCA,normal,normal_BRCA
-31.422234,-67.07798,-31.051615,BRCA,normal,normal_BRCA
-20.894886,-86.36868,-38.354187,BRCA,normal,normal_BRCA
-0.86187273,-88.82209,-48.56386,BRCA,normal,normal_BRCA
-15.623678,-96.26547,-48.177513,BRCA,normal,normal_BRCA
-5.9592214,-85.760544,-51.197838,BRCA,normal,normal_BRCA
51.519424,-71.726944,-24.633766,BRCA,normal,normal_BRCA
-24.491837,-83.808815,-44.271717,BRCA,normal,normal_BRCA
41.655865,-79.49804,-34.027126,BRCA,normal,normal_BRCA
-4.5013146,-71.356285,-47.929703,BRCA,normal,normal_BRCA
-9.941188,-76.33439,-49.710197,BRCA,normal,normal_BRCA
-20.195425,-80.05027,-47.26327,BRCA,normal,normal_BRCA
-28.977304,-71.913956,-29.195648,BRCA,normal,normal_BRCA
-18.881536,-80.830956,-54.186157,BRCA,normal,normal_BRCA
-23.00854,-79.359604,-33.06343,BRCA,normal,normal_BRCA
-30.62105,-84.819496,-37.879818,BRCA,normal,normal_BRCA
-23.385696,-86.18572,-48.680103,BRCA,normal,normal_BRCA
-3.2969232,-46.906464,-71.86866,BRCA,normal,normal_BRCA
7.649993,-91.2794,-57.64454,BRCA,normal,normal_BRCA
-20.756704,-94.20633,-35.75654,BRCA,normal,normal_BRCA
-17.638502,-82.33712,-45.612564,BRCA,normal,normal_BRCA
46.540154,-73.02342,-38.857758,BRCA,normal,normal_BRCA
-13.800685,-86.62747,-51.285503,BRCA,normal,normal_BRCA
-13.437416,-79.3129,-38.532978,BRCA,normal,normal_BRCA
-41.79065,-75.80852,-37.9855,BRCA,normal,normal_BRCA
0.76688683,-83.71365,-59.41682,BRCA,normal,normal_BRCA
-14.273383,-88.36424,-44.586597,BRCA,normal,normal_BRCA
-26.031475,-94.15717,-42.423496,BRCA,normal,normal_BRCA
-24.663874,-89.46571,-45.580643,BRCA,normal,normal_BRCA
-24.7007,-91.289665,-42.24393,BRCA,normal,normal_BRCA
-20.101686,-95.59027,-34.489838,BRCA,normal,normal_BRCA
-49.518745,-52.39855,-33.97997,BRCA,normal,normal_BRCA
-43.52195,-65.99872,-26.868101,BRCA,normal,normal_BRCA
-32.08069,-68.69639,-24.850739,BRCA,normal,normal_BRCA
-19.875751,-95.05451,-41.893147,BRCA,normal,normal_BRCA
-39.650436,-67.26818,-38.236065,BRCA,normal,normal_BRCA
45.042484,-62.04302,-13.143729,BRCA,normal,normal_BRCA
-23.317423,-79.43446,-33.80894,BRCA,normal,normal_BRCA
-18.178978,-76.7927,-44.96057,BRCA,normal,normal_BRCA
-13.041368,-80.647095,-48.085484,BRCA,normal,normal_BRCA
-13.259108,-101.23514,-37.17199,BRCA,normal,normal_BRCA
-0.70757216,-90.414665,-52.49678,BRCA,normal,normal_BRCA
-0.38102484,-87.82848,-59.092976,BRCA,normal,normal_BRCA
-0.37755385,-98.88476,-50.76093,BRCA,normal,normal_BRCA
7.6652236,-102.859695,-36.984497,BRCA,normal,normal_BRCA
-4.768583,-97.89046,-45.434143,BRCA,normal,normal_BRCA
-0.98981184,-100.1403,-44.260967,BRCA,normal,normal_BRCA
-1.9181908,-74.55685,-55.40466,BRCA,normal,normal_BRCA
-15.492181,-81.99248,-53.02773,BRCA,normal,normal_BRCA
-24.865612,-69.609695,-30.644918,BRCA,normal,normal_BRCA
12.088422,-89.07708,-51.974075,BRCA,normal,normal_BRCA
50.60967,-51.970196,-50.432865,BRCA,normal,normal_BRCA
7.1137285,-98.57348,-51.618244,BRCA,normal,normal_BRCA
-3.2827897,-94.76205,-52.4944,BRCA,normal,normal_BRCA
-3.378622,-85.435036,-64.16914,BRCA,normal,normal_BRCA
-20.777987,-79.02523,-63.759533,BRCA,normal,normal_BRCA
5.1452456,-91.32294,-47.439827,BRCA,normal,normal_BRCA
12.811038,-96.42133,-48.297806,BRCA,normal,normal_BRCA
17.575796,-98.663185,-62.303345,BRCA,normal,normal_BRCA
-4.672664,-82.22238,-48.763546,BRCA,normal,normal_BRCA
-15.5772,-89.27983,-45.61875,BRCA,normal,normal_BRCA
-2.2977948,-82.20066,-49.71652,BRCA,normal,normal_BRCA
6.4767165,-93.559395,-49.52865,BRCA,normal,normal_BRCA
-5.404703,-86.06253,-51.324764,BRCA,normal,normal_BRCA
-5.1848426,-91.21349,-43.47042,BRCA,normal,normal_BRCA
1.1386532,-72.5832,-53.83801,BRCA,normal,normal_BRCA
4.395602,-93.433105,-63.21107,BRCA,normal,normal_BRCA
-1.3702402,-94.226814,-49.350113,BRCA,normal,normal_BRCA
4.0996857,-68.72727,-58.321568,BRCA,normal,normal_BRCA
-4.648285,-82.559326,-57.794693,BRCA,normal,normal_BRCA
-8.938033,-91.316,-51.75583,BRCA,normal,normal_BRCA
3.1875148,-97.948654,-47.83511,BRCA,normal,normal_BRCA
26.979843,-92.15168,-48.194515,BRCA,normal,normal_BRCA
-18.0956,-89.08314,-43.867256,BRCA,normal,normal_BRCA
9.569489,-86.56782,-60.626953,BRCA,normal,normal_BRCA
-21.949726,-74.571785,-46.435783,BRCA,normal,normal_BRCA
26.187397,-87.68122,-39.10684,BRCA,normal,normal_BRCA
28.096598,-96.78958,-35.632614,BRCA,normal,normal_BRCA
-5.6896915,-60.674515,-41.602158,BRCA,normal,normal_BRCA
5.2477226,-95.30242,-50.668606,BRCA,normal,normal_BRCA
38.6786,-67.49961,-9.515442,BRCA,normal,normal_BRCA
4.8235784,-88.05068,-47.15698,BRCA,normal,normal_BRCA
-15.662905,-71.451454,-52.21023,BRCA,normal,normal_BRCA
-33.407497,-66.77493,-27.769638,BRCA,normal,normal_BRCA
-30.528467,-78.70426,-36.730576,BRCA,normal,normal_BRCA
36.91987,-80.80784,-28.633303,BRCA,normal,normal_BRCA
-23.286005,-74.70011,-43.86473,BRCA,normal,normal_BRCA
-30.290648,-55.635662,-51.98212,BRCA,normal,normal_BRCA
-3.2837205,-76.69542,-52.600716,BRCA,normal,normal_BRCA
-13.714323,-85.37917,-36.40046,BRCA,normal,normal_BRCA
5.3360405,-82.13397,-52.873745,BRCA,normal,normal_BRCA
2.6686146,-58.066135,-52.839584,BRCA,normal,normal_BRCA
58.467014,-61.2485,-50.651787,BRCA,normal,normal_BRCA
19.85201,-81.9423,-57.17511,BRCA,normal,normal_BRCA
31.358858,-93.4073,-56.046032,BRCA,normal,normal_BRCA
9.353357,-86.95069,-61.2432,BRCA,normal,normal_BRCA
56.322575,-73.20161,-40.774837,BRCA,normal,normal_BRCA
19.839659,-87.04359,-57.635384,BRCA,normal,normal_BRCA
61.01983,-72.29262,-46.967735,BRCA,normal,normal_BRCA
24.16815,-90.76699,-47.125355,BRCA,normal,normal_BRCA
43.092392,-90.30687,-44.561142,BRCA,normal,normal_BRCA
36.007633,-62.801598,6.959572,BRCA,normal,normal_BRCA
0.24131143,-75.19685,-52.503796,BRCA,normal,normal_BRCA
-25.950975,113.70281,43.09481,COAD,tumor,tumor_COAD
-34.61635,127.24832,47.809444,COAD,tumor,tumor_COAD
-33.428436,111.10993,23.501612,COAD,tumor,tumor_COAD
-19.390484,88.61837,34.827538,COAD,tumor,tumor_COAD
-26.78494,125.43746,20.348267,COAD,tumor,tumor_COAD
-42.531944,122.72872,57.603832,COAD,tumor,tumor_COAD
-44.858154,115.471504,64.15794,COAD,tumor,tumor_COAD
-63.91854,169.87256,56.443756,COAD,tumor,tumor_COAD
-45.839558,122.502266,55.6839,COAD,tumor,tumor_COAD
-11.631114,82.45617,-1.5068427,COAD,tumor,tumor_COAD
-35.196686,123.27312,28.870045,COAD,tumor,tumor_COAD
-35.406273,134.82571,61.296688,COAD,tumor,tumor_COAD
-49.409718,143.56728,51.16922,COAD,tumor,tumor_COAD
-51.216324,142.11095,56.638424,COAD,tumor,tumor_COAD
-36.08816,138.08356,39.89645,COAD,tumor,tumor_COAD
-53.280224,164.17424,64.388695,COAD,tumor,tumor_COAD
-43.362724,162.69922,61.21945,COAD,tumor,tumor_COAD
-44.136757,154.04172,52.432194,COAD,tumor,tumor_COAD
-37.038795,143.5188,47.559784,COAD,tumor,tumor_COAD
-57.933784,153.18153,36.448048,COAD,tumor,tumor_COAD
-62.519695,147.37952,94.35366,COAD,tumor,tumor_COAD
-35.435493,132.26308,44.673164,COAD,tumor,tumor_COAD
-35.411865,135.37009,21.826105,COAD,tumor,tumor_COAD
-33.194786,122.82135,46.353134,COAD,tumor,tumor_COAD
-21.763481,109.9402,28.621317,COAD,tumor,tumor_COAD
-35.186935,64.51508,28.064865,COAD,tumor,tumor_COAD
10.506585,37.59309,-25.616274,COAD,tumor,tumor_COAD
-67.943436,176.6157,83.3463,COAD,tumor,tumor_COAD
-49.823307,149.02295,76.70428,COAD,tumor,tumor_COAD
-78.38576,165.9526,67.550934,COAD,tumor,tumor_COAD
-42.76801,116.67212,62.282284,COAD,tumor,tumor_COAD
-57.36682,162.06744,82.72456,COAD,tumor,tumor_COAD
-39.992584,138.1742,61.805496,COAD,tumor,tumor_COAD
-73.57867,165.42322,91.35168,COAD,tumor,tumor_COAD
-31.52607,124.02405,47.88061,COAD,tumor,tumor_COAD
-61.62336,146.26456,61.84493,COAD,tumor,tumor_COAD
-30.935596,73.872185,-4.202654,COAD,tumor,tumor_COAD
-49.68967,116.03675,43.72188,COAD,tumor,tumor_COAD
-48.860355,140.2541,51.34689,COAD,tumor,tumor_COAD
-57.561497,172.10838,57.07935,COAD,tumor,tumor_COAD
-50.856335,168.15889,68.14189,COAD,tumor,tumor_COAD
-31.27341,109.251076,40.522293,COAD,tumor,tumor_COAD
-38.63476,128.76546,51.0965,COAD,tumor,tumor_COAD
-12.416136,111.30061,30.190287,COAD,tumor,tumor_COAD
-43.624332,133.40405,55.3443,COAD,tumor,tumor_COAD
-23.784658,90.88443,22.988575,COAD,tumor,tumor_COAD
-55.663258,144.06917,64.78315,COAD,tumor,tumor_COAD
-69.35641,148.69362,76.30434,COAD,tumor,tumor_COAD
-33.188896,103.002945,26.063017,COAD,tumor,tumor_COAD
-67.97392,136.64418,66.61154,COAD,tumor,tumor_COAD
-39.552547,135.0556,35.33746,COAD,tumor,tumor_COAD
-32.441326,141.69058,63.522873,COAD,tumor,tumor_COAD
-41.001144,135.16368,43.112972,COAD,tumor,tumor_COAD
-35.531807,86.93167,35.503807,COAD,tumor,tumor_COAD
-64.529854,165.00688,70.62552,COAD,tumor,tumor_COAD
-30.582027,135.34758,17.25228,COAD,tumor,tumor_COAD
-35.349606,117.54907,29.989408,COAD,tumor,tumor_COAD
-4.794262,76.11696,-3.5454507,COAD,tumor,tumor_COAD
-41.41542,163.78421,60.792267,COAD,tumor,tumor_COAD
-33.94738,100.244194,34.76783,COAD,tumor,tumor_COAD
-37.035053,94.267494,27.54796,COAD,tumor,tumor_COAD
-52.337852,156.06667,49.98156,COAD,tumor,tumor_COAD
-45.224033,128.0427,65.72771,COAD,tumor,tumor_COAD
-38.87764,129.28726,68.669846,COAD,tumor,tumor_COAD
-45.751698,112.346886,65.227974,COAD,tumor,tumor_COAD
-49.420593,162.47165,55.05215,COAD,tumor,tumor_COAD
-8.947318,33.43943,12.126979,COAD,tumor,tumor_COAD
-42.46006,135.98679,60.714664,COAD,tumor,tumor_COAD
-49.71525,153.05296,46.5749,COAD,tumor,tumor_COAD
-51.324566,149.90901,59.669643,COAD,tumor,tumor_COAD
-56.175842,139.17184,51.922062,COAD,tumor,tumor_COAD
-65.5737,154.63478,73.75944,COAD,tumor,tumor_COAD
-59.408894,170.79042,78.054794,COAD,tumor,tumor_COAD
-68.27868,165.42676,59.68197,COAD,tumor,tumor_COAD
-61.04586,145.6268,58.104355,COAD,tumor,tumor_COAD
-32.75492,142.21283,56.631264,COAD,tumor,tumor_COAD
-40.13657,117.70779,28.491047,COAD,tumor,tumor_COAD
-21.528372,133.33759,33.010918,COAD,tumor,tumor_COAD
-35.034016,103.47211,22.451975,COAD,tumor,tumor_COAD
-38.133846,121.17973,43.043755,COAD,tumor,tumor_COAD
-17.49214,85.27044,28.914993,COAD,tumor,tumor_COAD
-42.029533,146.28545,28.64316,COAD,tumor,tumor_COAD
-62.129326,144.48346,61.097504,COAD,tumor,tumor_COAD
-32.522144,150.42981,62.185047,COAD,tumor,tumor_COAD
-50.184288,130.29346,70.8173,COAD,tumor,tumor_COAD
-29.286333,128.15948,37.873764,COAD,tumor,tumor_COAD
-53.094242,162.7623,90.71163,COAD,tumor,tumor_COAD
-58.19144,174.0328,81.30664,COAD,tumor,tumor_COAD
-55.84401,163.44041,68.8714,COAD,tumor,tumor_COAD
-36.807663,72.917465,79.02644,COAD,tumor,tumor_COAD
-57.413048,190.86485,64.716545,COAD,tumor,tumor_COAD
-47.509705,170.55093,44.79161,COAD,tumor,tumor_COAD
-47.78652,141.99554,34.077965,COAD,tumor,tumor_COAD
-24.534807,113.62513,25.776272,COAD,tumor,tumor_COAD
-43.83448,139.11943,39.500015,COAD,tumor,tumor_COAD
-52.315186,113.25781,53.67659,COAD,tumor,tumor_COAD
-31.169573,131.3354,22.897976,COAD,tumor,tumor_COAD
-44.77163,116.74877,63.219784,COAD,tumor,tumor_COAD
-53.622482,153.31885,52.414967,COAD,tumor,tumor_COAD
-45.206802,157.51018,83.32953,COAD,tumor,tumor_COAD
-29.626293,109.41598,39.098286,COAD,tumor,tumor_COAD
-64.39715,167.70174,82.84842,COAD,tumor,tumor_COAD
-71.05939,163.9684,82.445366,COAD,tumor,tumor_COAD
-32.355812,137.433,37.0719,COAD,tumor,tumor_COAD
-8.51456,99.55009,-3.9680605,COAD,tumor,tumor_COAD
-35.199657,104.61263,43.56561,COAD,tumor,tumor_COAD
-55.135532,160.15503,70.27554,COAD,tumor,tumor_COAD
-33.654163,146.2883,44.786045,COAD,tumor,tumor_COAD
-63.906845,164.81929,67.14212,COAD,tumor,tumor_COAD
-66.075005,175.7086,72.15794,COAD,tumor,tumor_COAD
-19.234804,103.70779,24.170706,COAD,tumor,tumor_COAD
-55.256073,139.80563,78.65266,COAD,tumor,tumor_COAD
-72.98559,177.44307,90.45389,COAD,tumor,tumor_COAD
-65.70909,160.14264,82.3874,COAD,tumor,tumor_COAD
-16.066933,64.45743,-35.630177,COAD,tumor,tumor_COAD
-37.03731,84.298225,-13.49741,COAD,tumor,tumor_COAD
-49.69187,166.52573,49.05499,COAD,tumor,tumor_COAD
-49.427925,150.98204,47.061806,COAD,tumor,tumor_COAD
-54.009304,142.3951,32.431793,COAD,tumor,tumor_COAD
-44.11312,127.54597,49.05928,COAD,tumor,tumor_COAD
-52.228264,173.4567,59.73852,COAD,tumor,tumor_COAD
-40.539722,142.71829,63.477146,COAD,tumor,tumor_COAD
-74.123344,179.4376,83.71662,COAD,tumor,tumor_COAD
-68.636986,156.52325,84.94543,COAD,tumor,tumor_COAD
-59.899124,172.78835,62.865383,COAD,tumor,tumor_COAD
-7.918683,103.80335,0.71903414,COAD,tumor,tumor_COAD
-51.62245,168.46953,50.74403,COAD,tumor,tumor_COAD
-47.78031,171.71535,54.509785,COAD,tumor,tumor_COAD
-29.13717,85.80205,2.2802207,COAD,tumor,tumor_COAD
-41.516205,158.59863,61.05806,COAD,tumor,tumor_COAD
-37.31156,120.137634,49.466606,COAD,tumor,tumor_COAD
-40.43877,134.10968,46.701218,COAD,tumor,tumor_COAD
-48.228985,169.4087,71.77963,COAD,tumor,tumor_COAD
-69.87541,179.51323,66.36665,COAD,tumor,tumor_COAD
-21.725538,87.141495,28.767574,COAD,tumor,tumor_COAD
-60.889355,177.89929,84.2278,COAD,tumor,tumor_COAD
-41.273144,128.6087,47.88694,COAD,tumor,tumor_COAD
-60.418983,160.23125,66.809204,COAD,tumor,tumor_COAD
-44.22278,133.37648,65.60784,COAD,tumor,tumor_COAD
-15.789745,92.76748,8.119083,COAD,tumor,tumor_COAD
-35.263973,108.85209,36.06556,COAD,tumor,tumor_COAD
-54.035778,162.39938,74.16918,COAD,tumor,tumor_COAD
-53.641056,163.66873,74.49533,COAD,tumor,tumor_COAD
-58.575764,158.50488,61.758675,COAD,tumor,tumor_COAD
-54.43505,147.79553,60.146954,COAD,tumor,tumor_COAD
-26.33541,110.72625,49.276222,COAD,tumor,tumor_COAD
-27.08577,124.23284,24.649714,COAD,tumor,tumor_COAD
-54.979355,151.54504,44.20988,COAD,tumor,tumor_COAD
-45.287086,118.034454,42.503883,COAD,tumor,tumor_COAD
-23.667591,98.27616,6.5295043,COAD,tumor,tumor_COAD
-43.96452,152.81416,59.15163,COAD,tumor,tumor_COAD
-41.148476,143.92381,39.758377,COAD,tumor,tumor_COAD
-61.65575,137.20258,47.70054,COAD,tumor,tumor_COAD
-63.949066,176.83685,89.735275,COAD,tumor,tumor_COAD
-40.25226,122.63689,42.776623,COAD,tumor,tumor_COAD
-33.508057,106.83259,49.9422,COAD,tumor,tumor_COAD
-21.765413,83.37634,35.70606,COAD,tumor,tumor_COAD
-63.60217,163.95462,51.39646,COAD,tumor,tumor_COAD
-35.88708,137.5835,69.78557,COAD,tumor,tumor_COAD
-41.839317,151.94212,65.85931,COAD,tumor,tumor_COAD
-31.782585,155.83284,59.870102,COAD,tumor,tumor_COAD
-40.514862,160.05365,67.41849,COAD,tumor,tumor_COAD
-41.82989,123.99536,57.44871,COAD,tumor,tumor_COAD
-39.71636,146.27417,43.62983,COAD,tumor,tumor_COAD
-8.72402,88.359566,87.06384,COAD,normal,normal_COAD
-1.0661473,41.347244,73.54822,COAD,normal,normal_COAD
0.5621101,80.466354,70.98851,COAD,normal,normal_COAD
-4.8862796,104.81491,57.146908,COAD,normal,normal_COAD
23.94352,80.9353,83.892456,COAD,normal,normal_COAD
-8.255567,114.73078,76.25388,COAD,normal,normal_COAD
-5.3524766,109.71698,70.60388,COAD,normal,normal_COAD
-12.721269,123.90588,81.58596,COAD,normal,normal_COAD
-19.0477,111.39135,76.99608,COAD,normal,normal_COAD
-4.358212,99.81684,72.43911,COAD,normal,normal_COAD
-1.9881529,100.961174,79.23576,COAD,normal,normal_COAD
7.542671,49.743107,67.67261,COAD,normal,normal_COAD
-2.5290966,98.82534,70.617294,COAD,normal,normal_COAD
-12.488136,96.491196,77.33546,COAD,normal,normal_COAD
-2.7052808,62.651443,61.2502,COAD,normal,normal_COAD
8.270297,42.64241,57.65785,COAD,normal,normal_COAD
-11.48793,93.31418,69.010666,COAD,normal,normal_COAD
-14.05132,129.88327,66.96495,COAD,normal,normal_COAD
-1.5632124,98.15949,79.11552,COAD,normal,normal_COAD
-0.8970032,98.1535,68.959045,COAD,normal,normal_COAD
-0.820404,86.99766,76.8876,COAD,normal,normal_COAD
-7.4045787,107.38755,70.19868,COAD,normal,normal_COAD
-8.129195,102.5407,75.30016,COAD,normal,normal_COAD
-11.08546,124.02567,63.090332,COAD,normal,normal_COAD
-5.762424,97.65418,70.66371,COAD,normal,normal_COAD
-6.0000105,106.733315,77.0762,COAD,normal,normal_COAD
-5.576077,101.89002,63.50953,COAD,normal,normal_COAD
-9.380426,80.686646,81.51961,COAD,normal,normal_COAD
-15.602431,111.80833,76.81655,COAD,normal,normal_COAD
-8.562993,71.53856,73.772736,COAD,normal,normal_COAD
3.0780003,58.90435,64.97183,COAD,normal,normal_COAD
-11.991268,101.31158,60.478455,COAD,normal,normal_COAD
-4.362501,96.727455,77.64288,COAD,normal,normal_COAD
-6.777546,106.65352,77.5071,COAD,normal,normal_COAD
-4.491502,67.67691,65.71732,COAD,normal,normal_COAD
-5.0833473,80.42445,67.112564,COAD,normal,normal_COAD
-8.533985,86.861694,70.19424,COAD,normal,normal_COAD
-8.627529,70.2576,66.48605,COAD,normal,normal_COAD
-1.2303581,46.37343,39.950264,COAD,normal,normal_COAD
15.556694,-18.655466,57.585724,COAD,normal,normal_COAD
-12.874016,68.28803,70.32856,COAD,normal,normal_COAD
157.94917,14.493355,-6.67374,KIRC,tumor,tumor_KIRC
143.53557,6.457062,-7.4517407,KIRC,tumor,tumor_KIRC
117.01429,28.872711,-21.376839,KIRC,tumor,tumor_KIRC
106.54968,40.82908,-13.494484,KIRC,tumor,tumor_KIRC
164.4687,-6.897963,10.643305,KIRC,tumor,tumor_KIRC
156.26051,1.1099528,-2.7136471,KIRC,tumor,tumor_KIRC
149.9365,-33.026844,11.441088,KIRC,tumor,tumor_KIRC
154.07495,6.61096,11.161918,KIRC,tumor,tumor_KIRC
160.83626,11.537517,26.899158,KIRC,tumor,tumor_KIRC
129.4907,11.736189,5.6280756,KIRC,tumor,tumor_KIRC
164.99956,19.791147,22.818405,KIRC,tumor,tumor_KIRC
150.59343,31.3214,11.352516,KIRC,tumor,tumor_KIRC
152.32733,19.592,27.332886,KIRC,tumor,tumor_KIRC
170.89801,11.005829,18.850939,KIRC,tumor,tumor_KIRC
135.0754,15.423547,-9.322416,KIRC,tumor,tumor_KIRC
139.62857,-3.2000785,-14.260248,KIRC,tumor,tumor_KIRC
169.41426,2.6033895,4.148098,KIRC,tumor,tumor_KIRC
157.41757,16.937681,28.22448,KIRC,tumor,tumor_KIRC
102.8299,-35.943478,-8.090128,KIRC,tumor,tumor_KIRC
151.26971,21.569216,-3.2835095,KIRC,tumor,tumor_KIRC
50.239082,-32.735775,26.962336,KIRC,tumor,tumor_KIRC
119.18141,-4.6530504,-25.542854,KIRC,tumor,tumor_KIRC
162.68404,4.348202,2.0573416,KIRC,tumor,tumor_KIRC
168.02284,8.077373,7.3668404,KIRC,tumor,tumor_KIRC
148.7912,-13.42622,-13.564231,KIRC,tumor,tumor_KIRC
158.69975,24.416113,9.920723,KIRC,tumor,tumor_KIRC
143.06229,13.647857,4.050477,KIRC,tumor,tumor_KIRC
121.141495,29.904032,-12.035829,KIRC,tumor,tumor_KIRC
154.62848,39.289597,17.211405,KIRC,tumor,tumor_KIRC
132.63792,27.641697,19.703388,KIRC,tumor,tumor_KIRC
139.38855,5.5561976,21.001068,KIRC,tumor,tumor_KIRC
80.38857,13.604422,27.914656,KIRC,tumor,tumor_KIRC
142.59792,-5.61335,0.6192416,KIRC,tumor,tumor_KIRC
146.17868,18.42077,-10.646674,KIRC,tumor,tumor_KIRC
129.46239,17.270391,-9.408356,KIRC,tumor,tumor_KIRC
151.78996,-0.4703997,-3.6339467,KIRC,tumor,tumor_KIRC
167.24484,6.044275,28.676266,KIRC,tumor,tumor_KIRC
162.84512,2.4712853,13.711934,KIRC,tumor,tumor_KIRC
167.26262,2.371198,36.43984,KIRC,tumor,tumor_KIRC
167.44814,5.711854,0.37809202,KIRC,tumor,tumor_KIRC
158.28372,-7.9905214,14.597842,KIRC,tumor,tumor_KIRC
119.496216,-23.377996,33.82772,KIRC,tumor,tumor_KIRC
64.688934,40.225845,-42.004307,KIRC,tumor,tumor_KIRC
164.12378,-14.063676,12.2012,KIRC,tumor,tumor_KIRC
122.495285,5.9631386,-20.583344,KIRC,tumor,tumor_KIRC
158.31041,18.280727,-1.7875706,KIRC,tumor,tumor_KIRC
160.0171,8.443251,-1.4030639,KIRC,tumor,tumor_KIRC
145.24887,10.3786,-7.774341,KIRC,tumor,tumor_KIRC
170.26112,11.974275,23.040165,KIRC,tumor,tumor_KIRC
144.0431,42.911644,9.855734,KIRC,tumor,tumor_KIRC
158.46213,8.123624,30.685455,KIRC,tumor,tumor_KIRC
145.79424,26.340887,-3.197071,KIRC,tumor,tumor_KIRC
161.083,13.826309,-10.268877,KIRC,tumor,tumor_KIRC
130.68114,30.287878,-5.951792,KIRC,tumor,tumor_KIRC
156.61086,7.940435,17.582203,KIRC,tumor,tumor_KIRC
164.43088,1.7994896,15.872791,KIRC,tumor,tumor_KIRC
152.77545,2.7783687,2.9955177,KIRC,tumor,tumor_KIRC
153.08887,28.799429,10.624007,KIRC,tumor,tumor_KIRC
167.23099,18.943958,15.115677,KIRC,tumor,tumor_KIRC
158.46715,2.7390068,11.299486,KIRC,tumor,tumor_KIRC
139.4233,21.524582,5.015013,KIRC,tumor,tumor_KIRC
149.44627,-6.019788,3.3734863,KIRC,tumor,tumor_KIRC
96.483185,53.192726,-6.689233,KIRC,tumor,tumor_KIRC
100.55228,27.853018,8.101839,KIRC,tumor,tumor_KIRC
149.28214,28.750208,8.421246,KIRC,tumor,tumor_KIRC
157.86325,8.880007,11.748588,KIRC,tumor,tumor_KIRC
149.23488,24.146084,3.2858117,KIRC,tumor,tumor_KIRC
159.39536,28.371986,2.0601718,KIRC,tumor,tumor_KIRC
170.96205,2.3570988,9.357671,KIRC,tumor,tumor_KIRC
149.3747,35.611893,8.646334,KIRC,tumor,tumor_KIRC
135.81464,22.47345,-6.1958575,KIRC,tumor,tumor_KIRC
171.17828,-15.833512,-16.273346,KIRC,tumor,tumor_KIRC
126.639084,-16.152493,-25.850721,KIRC,tumor,tumor_KIRC
147.53314,-24.154972,6.5566287,KIRC,tumor,tumor_KIRC
143.06184,7.713632,-5.860496,KIRC,tumor,tumor_KIRC
150.96248,5.7157273,14.342689,KIRC,tumor,tumor_KIRC
157.9246,-0.7722064,-3.9990396,KIRC,tumor,tumor_KIRC
89.97609,51.044567,-33.15759,KIRC,tumor,tumor_KIRC
153.55934,-15.496774,4.7895746,KIRC,tumor,tumor_KIRC
158.14568,5.5211673,14.652241,KIRC,tumor,tumor_KIRC
150.64964,2.4527764,4.4690766,KIRC,tumor,tumor_KIRC
3.3892047,23.192429,-46.41823,KIRC,tumor,tumor_KIRC
136.92009,13.846875,14.870856,KIRC,tumor,tumor_KIRC
144.18433,-2.2374425,-12.900228,KIRC,tumor,tumor_KIRC
157.28415,0.4689314,18.418257,KIRC,tumor,tumor_KIRC
137.4029,-11.712452,-13.69404,KIRC,tumor,tumor_KIRC
154.59872,-19.803114,8.942146,KIRC,tumor,tumor_KIRC
148.08194,24.557138,30.629496,KIRC,tumor,tumor_KIRC
126.44468,-3.899509,24.944616,KIRC,tumor,tumor_KIRC
126.31706,-1.2762518,-1.1549922,KIRC,tumor,tumor_KIRC
120.05403,12.703988,1.7932789,KIRC,tumor,tumor_KIRC
140.6265,0.6332381,28.2382,KIRC,tumor,tumor_KIRC
154.50783,11.826462,2.9200358,KIRC,tumor,tumor_KIRC
-9.8319025,17.01739,-29.290909,KIRC,tumor,tumor_KIRC
139.22203,-14.128727,-16.67519,KIRC,tumor,tumor_KIRC
120.974785,-3.037946,-15.735777,KIRC,tumor,tumor_KIRC
140.45978,1.2988337,-11.992488,KIRC,tumor,tumor_KIRC
138.12082,15.574461,-14.845524,KIRC,tumor,tumor_KIRC
158.77959,0.4907487,-5.0815554,KIRC,tumor,tumor_KIRC
159.1346,24.372128,21.030806,KIRC,tumor,tumor_KIRC
171.69072,-1.3161093,-0.30362615,KIRC,tumor,tumor_KIRC
125.97614,35.486626,-0.3768987,KIRC,tumor,tumor_KIRC
48.933037,25.3958,-36.88607,KIRC,tumor,tumor_KIRC
138.16618,9.638628,16.97992,KIRC,tumor,tumor_KIRC
142.8869,-13.994125,5.702968,KIRC,tumor,tumor_KIRC
140.34764,-13.981995,5.109963,KIRC,tumor,tumor_KIRC
160.31927,6.421952,10.169629,KIRC,tumor,tumor_KIRC
132.4485,20.898157,3.753091,KIRC,tumor,tumor_KIRC
155.57977,31.043226,10.609312,KIRC,tumor,tumor_KIRC
142.73662,-2.351119,-6.7072725,KIRC,tumor,tumor_KIRC
152.28622,1.9634275,3.7499979,KIRC,tumor,tumor_KIRC
120.84301,26.88758,2.476963,KIRC,tumor,tumor_KIRC
164.54387,0.22044489,11.539957,KIRC,tumor,tumor_KIRC
128.05168,-5.964804,-2.209811,KIRC,tumor,tumor_KIRC
156.01025,3.9850264,15.532288,KIRC,tumor,tumor_KIRC
169.69678,2.5350637,4.634009,KIRC,tumor,tumor_KIRC
156.41026,1.248221,7.179306,KIRC,tumor,tumor_KIRC
145.53537,-2.7535944,6.0518894,KIRC,tumor,tumor_KIRC
160.41676,-9.85824,-4.5238194,KIRC,tumor,tumor_KIRC
93.20343,26.343796,-33.804504,KIRC,tumor,tumor_KIRC
151.05481,38.152584,5.164406,KIRC,tumor,tumor_KIRC
157.48343,14.805366,25.895369,KIRC,tumor,tumor_KIRC
129.51913,8.017467,0.72641695,KIRC,tumor,tumor_KIRC
67.623985,16.300652,44.26816,KIRC,tumor,tumor_KIRC
167.02454,-7.319388,10.410659,KIRC,tumor,tumor_KIRC
164.11061,9.548841,10.920487,KIRC,tumor,tumor_KIRC
68.474304,36.180214,-3.0594542,KIRC,tumor,tumor_KIRC
136.4079,11.487729,-22.134476,KIRC,tumor,tumor_KIRC
139.83485,20.706495,-10.661352,KIRC,tumor,tumor_KIRC
155.88911,-5.164215,-5.0374618,KIRC,tumor,tumor_KIRC
149.67313,14.870268,6.5293493,KIRC,tumor,tumor_KIRC
172.15903,18.463886,18.864391,KIRC,tumor,tumor_KIRC
124.933754,9.553851,-22.694092,KIRC,tumor,tumor_KIRC
156.8699,4.496218,23.067308,KIRC,tumor,tumor_KIRC
158.5177,1.5132014,12.538019,KIRC,tumor,tumor_KIRC
146.2262,2.3982277,-10.756985,KIRC,tumor,tumor_KIRC
165.1535,16.909643,8.046132,KIRC,tumor,tumor_KIRC
167.38089,0.4073491,1.13828,KIRC,tumor,tumor_KIRC
156.33179,-7.4149623,-0.5067938,KIRC,tumor,tumor_KIRC
148.58002,18.804924,19.338696,KIRC,tumor,tumor_KIRC
159.4247,4.4490056,31.63322,KIRC,tumor,tumor_KIRC
152.28401,18.493086,11.904117,KIRC,tumor,tumor_KIRC
115.66064,-15.201272,-16.216677,KIRC,tumor,tumor_KIRC
114.83201,15.558202,-33.73277,KIRC,tumor,tumor_KIRC
162.05138,16.693838,-0.4568201,KIRC,tumor,tumor_KIRC
154.89526,5.604346,3.6047604,KIRC,tumor,tumor_KIRC
156.78215,13.160172,-5.532713,KIRC,tumor,tumor_KIRC
160.93262,1.2890552,11.353556,KIRC,tumor,tumor_KIRC
166.3595,-6.4250126,14.560257,KIRC,tumor,tumor_KIRC
165.16782,6.963057,12.074998,KIRC,tumor,tumor_KIRC
153.80653,0.7814385,3.2161522,KIRC,tumor,tumor_KIRC
144.1848,-28.720615,4.191334,KIRC,tumor,tumor_KIRC
143.81773,-6.3541713,-19.013327,KIRC,tumor,tumor_KIRC
142.94885,14.296653,13.802077,KIRC,tumor,tumor_KIRC
141.99594,-19.818554,-10.7723875,KIRC,tumor,tumor_KIRC
167.03648,6.168774,10.326175,KIRC,tumor,tumor_KIRC
145.3995,7.375837,-10.178543,KIRC,tumor,tumor_KIRC
121.801674,21.086931,-20.740454,KIRC,tumor,tumor_KIRC
80.70292,17.848837,-36.682632,KIRC,tumor,tumor_KIRC
122.724,-6.2507534,-13.971972,KIRC,tumor,tumor_KIRC
109.59123,5.9063783,-36.67492,KIRC,tumor,tumor_KIRC
137.80608,9.419538,-10.014072,KIRC,tumor,tumor_KIRC
153.81113,1.074622,10.195765,KIRC,tumor,tumor_KIRC
39.222656,-29.646181,33.3939,KIRC,tumor,tumor_KIRC
143.42503,36.216103,8.244199,KIRC,tumor,tumor_KIRC
139.52438,0.6665506,18.602894,KIRC,tumor,tumor_KIRC
156.64821,13.668579,18.689493,KIRC,tumor,tumor_KIRC
29.991808,-16.219147,30.48657,KIRC,tumor,tumor_KIRC
158.88622,-29.649635,12.445611,KIRC,tumor,tumor_KIRC
162.24445,8.0321045,5.358058,KIRC,tumor,tumor_KIRC
158.354,1.0202887,-7.373477,KIRC,tumor,tumor_KIRC
171.41066,13.05372,18.118746,KIRC,tumor,tumor_KIRC
138.93536,48.132317,40.753906,KIRC,tumor,tumor_KIRC
161.91447,-22.573044,18.623104,KIRC,tumor,tumor_KIRC
138.19255,18.423767,-6.998535,KIRC,tumor,tumor_KIRC
165.13406,-1.9374045,8.573516,KIRC,tumor,tumor_KIRC
7.7818837,60.75844,-41.71066,KIRC,tumor,tumor_KIRC
120.388245,-25.834843,33.493134,KIRC,tumor,tumor_KIRC
153.24797,4.5627947,0.5220686,KIRC,tumor,tumor_KIRC
169.2535,18.756367,15.260589,KIRC,tumor,tumor_KIRC
113.26,4.139705,1.6544055,KIRC,tumor,tumor_KIRC
130.98625,12.979401,-8.348207,KIRC,tumor,tumor_KIRC
154.00475,-10.02937,7.9983125,KIRC,tumor,tumor_KIRC
88.78921,-27.155758,2.7186015,KIRC,tumor,tumor_KIRC
155.70917,-3.3580112,8.745986,KIRC,tumor,tumor_KIRC
131.70677,50.78882,36.44743,KIRC,tumor,tumor_KIRC
137.3279,-3.2363813,8.355541,KIRC,tumor,tumor_KIRC
138.78012,3.8786376,0.994891,KIRC,tumor,tumor_KIRC
120.60008,19.127535,-1.4672039,KIRC,tumor,tumor_KIRC
148.71277,-7.626249,-8.468777,KIRC,tumor,tumor_KIRC
157.5388,10.575877,-2.4343894,KIRC,tumor,tumor_KIRC
122.59329,38.99807,4.562975,KIRC,tumor,tumor_KIRC
149.98587,-7.3014627,4.37956,KIRC,tumor,tumor_KIRC
69.234764,61.075504,-37.968304,KIRC,tumor,tumor_KIRC
149.61258,26.026405,4.197066,KIRC,tumor,tumor_KIRC
159.18732,-2.6849957,-1.4360763,KIRC,tumor,tumor_KIRC
139.76328,16.6131,12.622075,KIRC,tumor,tumor_KIRC
24.21339,6.36712,53.179455,KIRC,tumor,tumor_KIRC
164.36984,15.021397,35.118534,KIRC,tumor,tumor_KIRC
118.337814,5.9321856,-17.340477,KIRC,tumor,tumor_KIRC
104.64058,36.90527,-8.077152,KIRC,tumor,tumor_KIRC
169.31363,7.1184444,13.845431,KIRC,tumor,tumor_KIRC
161.70435,2.2711494,13.2337055,KIRC,tumor,tumor_KIRC
35.56944,-4.797027,46.97387,KIRC,tumor,tumor_KIRC
67.53393,-33.872314,34.883842,KIRC,tumor,tumor_KIRC
132.98314,36.7109,6.149211,KIRC,tumor,tumor_KIRC
143.16705,14.192015,-13.751897,KIRC,tumor,tumor_KIRC
106.361946,14.53793,28.062748,KIRC,tumor,tumor_KIRC
141.63084,-15.069489,-12.243764,KIRC,tumor,tumor_KIRC
159.18135,19.329748,8.5548315,KIRC,tumor,tumor_KIRC
157.4912,35.85778,12.107249,KIRC,tumor,tumor_KIRC
131.04373,-6.363279,-20.813711,KIRC,tumor,tumor_KIRC
153.05087,0.51645017,4.094227,KIRC,tumor,tumor_KIRC
139.25754,12.7901945,19.739656,KIRC,tumor,tumor_KIRC
17.259968,0.4032546,48.589504,KIRC,tumor,tumor_KIRC
147.39505,21.575163,16.94866,KIRC,tumor,tumor_KIRC
128.17911,29.605728,5.9389424,KIRC,tumor,tumor_KIRC
142.12202,15.744233,7.531299,KIRC,tumor,tumor_KIRC
117.64278,31.07525,-31.61659,KIRC,tumor,tumor_KIRC
119.536415,14.917883,-18.808151,KIRC,tumor,tumor_KIRC
146.95958,-4.586355,-4.30033,KIRC,tumor,tumor_KIRC
163.54266,-0.22152025,14.669328,KIRC,tumor,tumor_KIRC
105.467354,2.0105424,-16.882288,KIRC,tumor,tumor_KIRC
156.8811,3.9612296,21.453602,KIRC,tumor,tumor_KIRC
103.74591,2.190163,-8.56698,KIRC,tumor,tumor_KIRC
159.32152,-13.802996,10.68726,KIRC,tumor,tumor_KIRC
162.27122,4.421146,-4.1676116,KIRC,tumor,tumor_KIRC
76.09413,-27.128727,9.8447485,KIRC,tumor,tumor_KIRC
118.8006,11.822686,-28.161121,KIRC,tumor,tumor_KIRC
123.37966,-1.6336309,-8.088723,KIRC,tumor,tumor_KIRC
144.86848,29.179375,-3.893476,KIRC,tumor,tumor_KIRC
149.35617,6.6852603,8.003417,KIRC,tumor,tumor_KIRC
153.49696,7.751339,7.936781,KIRC,tumor,tumor_KIRC
136.80853,43.797325,-1.4587092,KIRC,tumor,tumor_KIRC
99.43728,64.40571,12.496192,KIRC,tumor,tumor_KIRC
142.18716,-15.854247,-2.4199982,KIRC,tumor,tumor_KIRC
36.671688,-19.666386,42.9404,KIRC,tumor,tumor_KIRC
127.50714,-16.00082,-21.870785,KIRC,tumor,tumor_KIRC
126.45267,15.612889,21.648455,KIRC,tumor,tumor_KIRC
69.503685,16.57604,-37.133476,KIRC,tumor,tumor_KIRC
121.96873,31.231136,-13.194823,KIRC,tumor,tumor_KIRC
153.34305,-3.9871361,-4.9182563,KIRC,tumor,tumor_KIRC
146.6175,16.319613,0.05817694,KIRC,tumor,tumor_KIRC
155.89429,9.066609,19.381128,KIRC,tumor,tumor_KIRC
70.01501,-33.481113,38.55915,KIRC,tumor,tumor_KIRC
132.277,28.651064,-10.884878,KIRC,tumor,tumor_KIRC
135.00891,-21.776453,26.680756,KIRC,tumor,tumor_KIRC
128.00499,43.114002,3.316284,KIRC,tumor,tumor_KIRC
148.7319,-0.7376712,15.178981,KIRC,tumor,tumor_KIRC
129.59007,1.3019938,5.52157,KIRC,tumor,tumor_KIRC
140.63422,-6.9987535,14.305347,KIRC,tumor,tumor_KIRC
147.95573,15.620966,10.28222,KIRC,tumor,tumor_KIRC
150.68239,20.598795,14.362787,KIRC,tumor,tumor_KIRC
142.18979,20.845837,32.24206,KIRC,tumor,tumor_KIRC
158.79199,9.519993,16.24073,KIRC,tumor,tumor_KIRC
63.6844,-20.39709,-11.343492,KIRC,tumor,tumor_KIRC
156.28754,5.6381974,-3.9677615,KIRC,tumor,tumor_KIRC
118.02103,8.076268,-19.584345,KIRC,tumor,tumor_KIRC
151.08188,-21.6997,-11.771973,KIRC,tumor,tumor_KIRC
29.01088,27.36279,7.403905,KIRC,tumor,tumor_KIRC
135.12573,35.20664,1.7645057,KIRC,tumor,tumor_KIRC
167.85919,2.7535434,3.06078,KIRC,tumor,tumor_KIRC
134.28,12.955241,5.724709,KIRC,tumor,tumor_KIRC
143.38152,-12.622142,-0.28716427,KIRC,tumor,tumor_KIRC
131.52797,27.34738,17.059103,KIRC,tumor,tumor_KIRC
126.45558,2.7614408,-12.463913,KIRC,tumor,tumor_KIRC
148.34735,13.864068,-2.6331432,KIRC,tumor,tumor_KIRC
151.54205,27.22021,15.089899,KIRC,tumor,tumor_KIRC
109.73606,-5.709612,25.884064,KIRC,tumor,tumor_KIRC
153.31776,31.347303,25.727718,KIRC,tumor,tumor_KIRC
142.71538,-8.01341,-11.031069,KIRC,tumor,tumor_KIRC
151.47285,31.80353,7.967639,KIRC,tumor,tumor_KIRC
160.84566,-4.182424,2.9973788,KIRC,tumor,tumor_KIRC
151.87271,-4.993823,9.255188,KIRC,tumor,tumor_KIRC
142.60217,6.7522473,13.054574,KIRC,tumor,tumor_KIRC
168.71016,-6.47921,12.388968,KIRC,tumor,tumor_KIRC
161.7356,5.436378,8.190055,KIRC,tumor,tumor_KIRC
90.05857,31.681791,3.3606396,KIRC,tumor,tumor_KIRC
136.91841,17.654902,-4.466572,KIRC,tumor,tumor_KIRC
153.0957,-9.5948925,16.655407,KIRC,tumor,tumor_KIRC
159.43932,21.927374,29.37902,KIRC,tumor,tumor_KIRC
154.09203,-12.663137,2.473342,KIRC,tumor,tumor_KIRC
154.84792,27.188595,17.303137,KIRC,tumor,tumor_KIRC
165.47806,5.885599,13.382673,KIRC,tumor,tumor_KIRC
160.97928,24.292667,0.06839462,KIRC,tumor,tumor_KIRC
149.91815,6.1701927,22.30373,KIRC,tumor,tumor_KIRC
124.109886,-3.5832915,-22.946198,KIRC,tumor,tumor_KIRC
162.89326,16.604439,-3.1535943,KIRC,tumor,tumor_KIRC
139.16678,-33.620426,62.474575,KIRC,normal,normal_KIRC
141.09554,-29.383287,74.59966,KIRC,normal,normal_KIRC
131.46892,-49.746143,57.718136,KIRC,normal,normal_KIRC
70.511475,-30.202724,53.81054,KIRC,normal,normal_KIRC
126.33852,-38.02159,40.253086,KIRC,normal,normal_KIRC
124.198814,-51.544865,62.585625,KIRC,normal,normal_KIRC
136.10677,-46.774567,32.18113,KIRC,normal,normal_KIRC
128.0491,-39.710182,35.389194,KIRC,normal,normal_KIRC
132.95523,-44.46322,67.87026,KIRC,normal,normal_KIRC
120.98824,-48.206154,74.727745,KIRC,normal,normal_KIRC
132.80962,-51.164402,69.05804,KIRC,normal,normal_KIRC
113.27981,-56.250317,33.653564,KIRC,normal,normal_KIRC
106.26106,-46.44028,60.655346,KIRC,normal,normal_KIRC
113.25688,-51.370266,47.9956,KIRC,normal,normal_KIRC
94.917206,-54.954098,60.697876,KIRC,normal,normal_KIRC
134.94543,-41.063995,51.142666,KIRC,normal,normal_KIRC
124.37905,-50.545124,58.803024,KIRC,normal,normal_KIRC
105.349144,-60.17858,16.583775,KIRC,normal,normal_KIRC
136.51816,-41.833733,49.809933,KIRC,normal,normal_KIRC
86.05344,-54.34853,50.206154,KIRC,normal,normal_KIRC
141.79646,-24.732906,63.395157,KIRC,normal,normal_KIRC
112.98642,-33.61364,13.59201,KIRC,normal,normal_KIRC
137.60678,-28.240225,40.506714,KIRC,normal,normal_KIRC
83.18159,-59.445087,48.171993,KIRC,normal,normal_KIRC
48.91931,-24.70985,-15.760245,KIRC,normal,normal_KIRC
106.111176,-55.92774,59.09785,KIRC,normal,normal_KIRC
132.88467,-29.92655,43.468876,KIRC,normal,normal_KIRC
130.59377,-43.291157,53.32211,KIRC,normal,normal_KIRC
134.39302,-41.6094,54.856033,KIRC,normal,normal_KIRC
121.334274,-41.402695,41.69212,KIRC,normal,normal_KIRC
112.61656,-21.266846,17.786587,KIRC,normal,normal_KIRC
92.13876,-26.693506,41.70343,KIRC,normal,normal_KIRC
100.705185,-42.53136,37.55254,KIRC,normal,normal_KIRC
133.89433,-32.5588,60.898674,KIRC,normal,normal_KIRC
109.01448,-35.16201,49.124573,KIRC,normal,normal_KIRC
106.36554,-52.587074,44.780663,KIRC,normal,normal_KIRC
136.05061,-43.599724,73.003075,KIRC,normal,normal_KIRC
115.23293,-16.573027,31.296556,KIRC,normal,normal_KIRC
135.3914,-34.5159,66.55842,KIRC,normal,normal_KIRC
136.2335,-38.433403,61.848526,KIRC,normal,normal_KIRC
133.15134,-38.886112,62.742645,KIRC,normal,normal_KIRC
155.93427,7.521502,7.430446,KIRC,normal,normal_KIRC
118.39119,-39.73698,62.4753,KIRC,normal,normal_KIRC
80.24533,-57.00052,48.895187,KIRC,normal,normal_KIRC
140.42795,-42.265045,70.50272,KIRC,normal,normal_KIRC
54.449917,-38.245674,31.312592,KIRC,normal,normal_KIRC
141.13335,-32.156067,62.37768,KIRC,normal,normal_KIRC
69.11644,-55.408577,29.819946,KIRC,normal,normal_KIRC
135.60518,-40.49602,70.889984,KIRC,normal,normal_KIRC
82.60289,-52.744686,53.633545,KIRC,normal,normal_KIRC
95.67462,-51.20603,45.260303,KIRC,normal,normal_KIRC
87.79523,-46.97781,48.294094,KIRC,normal,normal_KIRC
70.91832,-43.56264,45.917095,KIRC,normal,normal_KIRC
66.0545,-42.285656,56.02859,KIRC,normal,normal_KIRC
64.46987,-32.267735,40.728436,KIRC,normal,normal_KIRC
77.63556,-48.977215,55.466084,KIRC,normal,normal_KIRC
115.239334,-43.275734,50.497547,KIRC,normal,normal_KIRC
94.02362,-36.85166,48.478996,KIRC,normal,normal_KIRC
106.46948,-51.27177,47.723007,KIRC,normal,normal_KIRC
72.58267,-51.33276,40.98268,KIRC,normal,normal_KIRC
135.73593,-36.325615,46.708447,KIRC,normal,normal_KIRC
84.19004,-30.24366,46.9782,KIRC,normal,normal_KIRC
81.78831,-33.75235,46.35757,KIRC,normal,normal_KIRC
72.257164,-46.19761,52.07382,KIRC,normal,normal_KIRC
91.45704,-57.865276,36.245537,KIRC,normal,normal_KIRC
134.75163,-45.981148,70.86954,KIRC,normal,normal_KIRC
127.748825,-48.759594,54.170742,KIRC,normal,normal_KIRC
140.17435,-49.839012,67.33349,KIRC,normal,normal_KIRC
126.334015,-59.90002,58.954723,KIRC,normal,normal_KIRC
123.413345,-36.211746,20.998745,KIRC,normal,normal_KIRC
135.23688,-48.022556,68.90554,KIRC,normal,normal_KIRC
84.76441,-44.984203,28.473803,KIRC,normal,normal_KIRC
-27.659721,70.60745,-45.335876,LUAD,tumor,tumor_LUAD
12.408941,18.520628,-45.37045,LUAD,tumor,tumor_LUAD
0.8475992,1.2875953,-47.774765,LUAD,tumor,tumor_LUAD
-24.607485,77.57006,-37.374462,LUAD,tumor,tumor_LUAD
-7.6184177,31.55558,-23.445303,LUAD,tumor,tumor_LUAD
-6.275407,17.959465,-44.76371,LUAD,tumor,tumor_LUAD
0.7951883,24.658817,-48.389248,LUAD,tumor,tumor_LUAD
-18.525454,71.9889,-53.040943,LUAD,tumor,tumor_LUAD
-10.486619,20.978823,-60.008213,LUAD,tumor,tumor_LUAD
-20.839785,61.950394,-60.355343,LUAD,tumor,tumor_LUAD
-17.495222,51.13371,-61.72882,LUAD,tumor,tumor_LUAD
4.965005,26.308125,-51.190678,LUAD,tumor,tumor_LUAD
4.0310144,6.0888195,-36.438988,LUAD,tumor,tumor_LUAD
-8.583841,56.73694,-47.382267,LUAD,tumor,tumor_LUAD
-19.200043,62.745872,24.694769,LUAD,tumor,tumor_LUAD
-11.027022,-6.5547347,-35.54913,LUAD,tumor,tumor_LUAD
10.401549,-39.237934,-7.6469812,LUAD,tumor,tumor_LUAD
-22.874054,30.760746,0.7727457,LUAD,tumor,tumor_LUAD
11.058273,26.298923,-66.20034,LUAD,tumor,tumor_LUAD
13.0061455,7.5602007,-39.29324,LUAD,tumor,tumor_LUAD
-28.347147,34.79405,-22.801693,LUAD,tumor,tumor_LUAD
-26.644444,29.16693,-37.75757,LUAD,tumor,tumor_LUAD
-22.808409,72.52178,14.406177,LUAD,tumor,tumor_LUAD
-29.484823,47.877094,-53.0098,LUAD,tumor,tumor_LUAD
-1.6524439,31.00535,-49.443035,LUAD,tumor,tumor_LUAD
-15.327663,47.276146,-49.968597,LUAD,tumor,tumor_LUAD
-34.101456,68.27708,-45.149708,LUAD,tumor,tumor_LUAD
-17.693516,41.054863,-34.067093,LUAD,tumor,tumor_LUAD
-45.221786,5.1004624,-18.960054,LUAD,tumor,tumor_LUAD
-24.517172,47.978073,-11.1884575,LUAD,tumor,tumor_LUAD
-14.828086,54.311333,-59.013878,LUAD,tumor,tumor_LUAD
-4.14326,24.021212,-30.889761,LUAD,tumor,tumor_LUAD
-20.118198,55.032494,-23.32298,LUAD,tumor,tumor_LUAD
-9.285135,48.17322,-42.59708,LUAD,tumor,tumor_LUAD
-23.688606,49.408333,-59.491676,LUAD,tumor,tumor_LUAD
-30.355747,37.694534,-27.09675,LUAD,tumor,tumor_LUAD
-14.923814,38.426414,-33.53705,LUAD,tumor,tumor_LUAD
-16.04353,44.750084,-37.997276,LUAD,tumor,tumor_LUAD
-7.9837055,30.435223,-49.655025,LUAD,tumor,tumor_LUAD
-42.285378,38.023586,19.86279,LUAD,tumor,tumor_LUAD
-27.500244,47.795452,-40.537876,LUAD,tumor,tumor_LUAD
-9.482995,46.85612,-61.42895,LUAD,tumor,tumor_LUAD
-17.822723,47.003273,-61.28272,LUAD,tumor,tumor_LUAD
-3.6349068,22.019506,-36.4559,LUAD,tumor,tumor_LUAD
-33.359776,46.75615,-39.06646,LUAD,tumor,tumor_LUAD
-18.309164,49.98231,-44.44273,LUAD,tumor,tumor_LUAD
-18.54292,22.99484,-24.92918,LUAD,tumor,tumor_LUAD
-29.67016,86.33805,-3.971674,LUAD,tumor,tumor_LUAD
-25.646254,19.427048,-46.69239,LUAD,tumor,tumor_LUAD
-20.625105,30.913227,-20.638147,LUAD,tumor,tumor_LUAD
-23.908678,51.45361,-33.70886,LUAD,tumor,tumor_LUAD
-3.7691448,42.257893,-32.79583,LUAD,tumor,tumor_LUAD
-6.3129196,14.889702,-46.51061,LUAD,tumor,tumor_LUAD
-31.046232,37.459496,-37.102962,LUAD,tumor,tumor_LUAD
-3.4309678,8.828691,-58.772766,LUAD,tumor,tumor_LUAD
-39.29586,66.51859,-34.15061,LUAD,tumor,tumor_LUAD
-59.29496,41.40956,-14.408896,LUAD,tumor,tumor_LUAD
-9.942763,29.77892,-24.700912,LUAD,tumor,tumor_LUAD
-26.398874,29.883772,-9.152706,LUAD,tumor,tumor_LUAD
-18.291344,64.17322,-51.39524,LUAD,tumor,tumor_LUAD
4.5312557,6.37525,-42.178505,LUAD,tumor,tumor_LUAD
-51.408085,65.98371,-3.2545521,LUAD,tumor,tumor_LUAD
-23.37459,46.339058,-40.791805,LUAD,tumor,tumor_LUAD
-4.1615863,11.64561,-38.341736,LUAD,tumor,tumor_LUAD
-12.583473,48.34874,-47.34677,LUAD,tumor,tumor_LUAD
-2.2221339,24.297272,-47.1793,LUAD,tumor,tumor_LUAD
-5.837399,28.286026,-35.297955,LUAD,tumor,tumor_LUAD
-5.3508744,76.97126,-21.395844,LUAD,tumor,tumor_LUAD
-7.3167663,66.49144,-32.96496,LUAD,tumor,tumor_LUAD
7.608901,8.768925,-27.90338,LUAD,tumor,tumor_LUAD
-21.81895,40.649548,-39.117954,LUAD,tumor,tumor_LUAD
8.430269,32.861088,-16.12865,LUAD,tumor,tumor_LUAD
-23.94914,26.53031,-17.474611,LUAD,tumor,tumor_LUAD
-24.461254,72.39727,-54.312744,LUAD,tumor,tumor_LUAD
-33.390156,52.198082,-4.1183195,LUAD,tumor,tumor_LUAD
-26.003439,64.58441,-12.24196,LUAD,tumor,tumor_LUAD
-18.416279,55.53442,-20.4103,LUAD,tumor,tumor_LUAD
-19.440712,20.168772,-12.7514925,LUAD,tumor,tumor_LUAD
-41.781174,78.84867,-21.900026,LUAD,tumor,tumor_LUAD
0.03579875,45.993843,-44.325733,LUAD,tumor,tumor_LUAD
-13.59585,44.284378,-51.17103,LUAD,tumor,tumor_LUAD
3.2086306,4.773614,-37.39316,LUAD,tumor,tumor_LUAD
-31.061382,37.453213,-10.594121,LUAD,tumor,tumor_LUAD
8.291626,35.80642,-16.743298,LUAD,tumor,tumor_LUAD
-11.459109,38.253704,-38.152454,LUAD,tumor,tumor_LUAD
-22.695286,55.870274,-27.62288,LUAD,tumor,tumor_LUAD
-17.704159,53.551384,-23.021608,LUAD,tumor,tumor_LUAD
3.228305,32.105175,-31.867842,LUAD,tumor,tumor_LUAD
-14.437236,36.918186,-55.06126,LUAD,tumor,tumor_LUAD
2.0555634,38.548008,-8.154379,LUAD,tumor,tumor_LUAD
-8.49539,37.83683,-49.118187,LUAD,tumor,tumor_LUAD
-29.104183,63.101875,-35.488525,LUAD,tumor,tumor_LUAD
-2.0362468,-12.606107,-34.715534,LUAD,tumor,tumor_LUAD
-39.778618,63.991848,-35.674877,LUAD,tumor,tumor_LUAD
-26.717133,39.787766,-36.755093,LUAD,tumor,tumor_LUAD
-36.574875,49.272194,-13.99471,LUAD,tumor,tumor_LUAD
-18.480858,25.479435,-28.801313,LUAD,tumor,tumor_LUAD
-5.732339,27.008938,-25.794905,LUAD,tumor,tumor_LUAD
-24.144743,63.758034,11.359799,LUAD,tumor,tumor_LUAD
-55.73205,76.2936,-14.5104,LUAD,tumor,tumor_LUAD
-35.54297,27.573952,-25.51317,LUAD,tumor,tumor_LUAD
-26.969858,17.18848,-34.025955,LUAD,tumor,tumor_LUAD
-9.847624,50.823483,-31.597218,LUAD,tumor,tumor_LUAD
-22.440958,45.11839,-51.49999,LUAD,tumor,tumor_LUAD
-21.212194,44.619247,-29.599123,LUAD,tumor,tumor_LUAD
-34.328865,47.80781,-14.418006,LUAD,tumor,tumor_LUAD
-7.64867,18.886374,-29.136805,LUAD,tumor,tumor_LUAD
-38.86401,37.657597,13.599079,LUAD,tumor,tumor_LUAD
-15.3140335,31.1126,-10.735717,LUAD,tumor,tumor_LUAD
-26.932713,63.24126,-22.47197,LUAD,tumor,tumor_LUAD
-24.973423,45.502342,-15.291512,LUAD,tumor,tumor_LUAD
-25.022541,64.06115,-56.52012,LUAD,tumor,tumor_LUAD
-31.91966,34.258774,-33.159424,LUAD,tumor,tumor_LUAD
-19.323004,31.235697,-38.88525,LUAD,tumor,tumor_LUAD
-21.576687,32.478935,-45.454838,LUAD,tumor,tumor_LUAD
-23.092196,31.70342,-14.002856,LUAD,tumor,tumor_LUAD
-17.25039,73.38938,-19.682938,LUAD,tumor,tumor_LUAD
-14.965851,27.619,-56.79507,LUAD,tumor,tumor_LUAD
-4.4384513,17.980543,-23.810087,LUAD,tumor,tumor_LUAD
-12.367333,49.77845,-41.96396,LUAD,tumor,tumor_LUAD
3.1284626,66.473076,1.8930842,LUAD,tumor,tumor_LUAD
-28.844576,44.086044,-32.04467,LUAD,tumor,tumor_LUAD
-41.24979,26.264599,-19.94175,LUAD,tumor,tumor_LUAD
-10.313034,21.64329,-19.54412,LUAD,tumor,tumor_LUAD
-26.815954,63.235195,-32.084995,LUAD,tumor,tumor_LUAD
-25.78864,64.58063,-14.029227,LUAD,tumor,tumor_LUAD
-40.795067,71.43601,-25.876837,LUAD,tumor,tumor_LUAD
-9.873837,44.06469,-3.3414338,LUAD,tumor,tumor_LUAD
-12.374045,50.57784,-27.425123,LUAD,tumor,tumor_LUAD
-19.799988,64.710495,13.676965,LUAD,tumor,tumor_LUAD
-18.614605,37.918415,-19.951227,LUAD,tumor,tumor_LUAD
-29.69817,56.715687,-33.006805,LUAD,tumor,tumor_LUAD
-15.4741335,79.11356,-15.584698,LUAD,tumor,tumor_LUAD
-51.278557,83.54924,-31.009027,LUAD,tumor,tumor_LUAD
-17.067774,26.225746,-36.65739,LUAD,tumor,tumor_LUAD
-15.389094,-12.782759,-4.3870854,LUAD,tumor,tumor_LUAD
-18.733088,43.084957,-32.90763,LUAD,tumor,tumor_LUAD
-26.719408,32.91451,-27.226732,LUAD,tumor,tumor_LUAD
-18.349592,17.002043,-34.49706,LUAD,tumor,tumor_LUAD
-23.0578,37.953922,-55.123314,LUAD,tumor,tumor_LUAD
-26.167597,24.22878,-12.52409,LUAD,tumor,tumor_LUAD
-13.087881,34.165623,-30.111486,LUAD,tumor,tumor_LUAD
2.5252194,14.889203,-40.973686,LUAD,tumor,tumor_LUAD
-8.138971,50.262917,-61.26496,LUAD,tumor,tumor_LUAD
-13.832108,49.24043,-9.3666725,LUAD,tumor,tumor_LUAD
-45.527435,58.229595,-1.2121289,LUAD,tumor,tumor_LUAD
-17.325998,29.281307,-51.96909,LUAD,tumor,tumor_LUAD
-49.764626,37.46482,-21.132557,LUAD,tumor,tumor_LUAD
-17.596548,79.08914,-47.310913,LUAD,tumor,tumor_LUAD
-15.214561,25.413242,-51.184948,LUAD,tumor,tumor_LUAD
-13.401102,78.195854,-19.780497,LUAD,tumor,tumor_LUAD
-18.998665,28.212318,-40.137028,LUAD,tumor,tumor_LUAD
17.076048,0.20022608,-41.169117,LUAD,tumor,tumor_LUAD
-8.598144,43.742725,-32.633717,LUAD,tumor,tumor_LUAD
-30.054625,74.45033,-31.331064,LUAD,tumor,tumor_LUAD
-42.870693,77.139595,-42.461304,LUAD,tumor,tumor_LUAD
-19.52095,52.47671,-26.751425,LUAD,tumor,tumor_LUAD
-19.638914,32.8111,-47.449112,LUAD,tumor,tumor_LUAD
-24.796394,41.701164,-53.972492,LUAD,tumor,tumor_LUAD
-28.169956,32.054344,-16.010508,LUAD,tumor,tumor_LUAD
-36.439945,56.47327,-18.099152,LUAD,tumor,tumor_LUAD
-13.123819,36.32859,-34.610542,LUAD,tumor,tumor_LUAD
-15.040177,43.024822,-31.921362,LUAD,tumor,tumor_LUAD
14.117568,-2.3251405,-27.411688,LUAD,tumor,tumor_LUAD
5.2332296,15.061379,-49.113205,LUAD,tumor,tumor_LUAD
-14.758966,18.101536,-28.437029,LUAD,tumor,tumor_LUAD
-23.296724,56.611916,-16.00948,LUAD,tumor,tumor_LUAD
-22.088442,59.189743,-55.511803,LUAD,tumor,tumor_LUAD
-18.801928,71.9821,-16.775095,LUAD,tumor,tumor_LUAD
-5.016948,52.390198,-49.66743,LUAD,tumor,tumor_LUAD
6.307209,15.04515,-25.395128,LUAD,tumor,tumor_LUAD
-22.080046,51.059048,-47.902004,LUAD,tumor,tumor_LUAD
-12.976728,32.418907,-22.829622,LUAD,tumor,tumor_LUAD
2.0229661,28.118698,-58.25445,LUAD,tumor,tumor_LUAD
-9.09629,33.087414,-44.010532,LUAD,tumor,tumor_LUAD
-24.719069,42.702106,-19.067135,LUAD,tumor,tumor_LUAD
-24.289948,43.940567,-58.63625,LUAD,tumor,tumor_LUAD
-20.211271,25.019175,-41.245277,LUAD,tumor,tumor_LUAD
-7.861093,42.321682,-51.36709,LUAD,tumor,tumor_LUAD
-44.157944,64.37045,-15.732642,LUAD,tumor,tumor_LUAD
-14.75109,25.598457,-22.965124,LUAD,tumor,tumor_LUAD
-48.25909,59.3101,-23.185965,LUAD,tumor,tumor_LUAD
-38.81928,34.341206,-39.06087,LUAD,tumor,tumor_LUAD
-12.594072,18.802284,-15.516857,LUAD,tumor,tumor_LUAD
-24.119604,45.30744,-19.113737,LUAD,tumor,tumor_LUAD
-23.796007,21.123638,-13.759457,LUAD,tumor,tumor_LUAD
-30.132154,8.643021,-13.8894415,LUAD,tumor,tumor_LUAD
-22.50376,62.288376,-4.2269177,LUAD,tumor,tumor_LUAD
-10.985523,23.664042,-26.060238,LUAD,tumor,tumor_LUAD
-6.0876665,39.06578,-31.723587,LUAD,tumor,tumor_LUAD
-51.728424,65.70967,2.0669396,LUAD,tumor,tumor_LUAD
-24.140558,70.025444,-53.791164,LUAD,tumor,tumor_LUAD
-8.932968,79.543816,-5.934803,LUAD,tumor,tumor_LUAD
-39.937935,86.46018,-20.55235,LUAD,tumor,tumor_LUAD
-43.36234,55.530167,-36.417316,LUAD,tumor,tumor_LUAD
-42.344856,45.547222,-26.817898,LUAD,tumor,tumor_LUAD
-28.019484,65.98907,-24.533178,LUAD,tumor,tumor_LUAD
-28.877493,46.186295,-35.135506,LUAD,tumor,tumor_LUAD
4.353623,25.786198,-41.239803,LUAD,tumor,tumor_LUAD
-15.346892,52.522907,-5.563187,LUAD,tumor,tumor_LUAD
-52.095657,34.314396,-32.611202,LUAD,tumor,tumor_LUAD
-22.237347,61.845764,-35.14218,LUAD,tumor,tumor_LUAD
-53.45083,54.170776,-15.513792,LUAD,tumor,tumor_LUAD
-18.195549,43.805305,-41.09298,LUAD,tumor,tumor_LUAD
-28.40762,65.16796,-37.214005,LUAD,tumor,tumor_LUAD
-21.435162,10.472319,-14.252133,LUAD,tumor,tumor_LUAD
-45.640102,68.8917,-39.348446,LUAD,tumor,tumor_LUAD
-22.94785,36.06322,-36.279343,LUAD,tumor,tumor_LUAD
-16.841,24.44684,-15.672473,LUAD,tumor,tumor_LUAD
-1.0532345,5.2490573,-56.804955,LUAD,tumor,tumor_LUAD
-38.895344,32.98144,-30.551586,LUAD,tumor,tumor_LUAD
-22.054071,70.11974,-36.37981,LUAD,tumor,tumor_LUAD
-40.706978,64.62377,-30.966644,LUAD,tumor,tumor_LUAD
1.7498055,78.40531,-25.370195,LUAD,tumor,tumor_LUAD
-24.25622,59.66709,-60.81263,LUAD,tumor,tumor_LUAD
-13.718541,29.598526,-32.474815,LUAD,tumor,tumor_LUAD
-7.3158736,78.26785,-15.999631,LUAD,tumor,tumor_LUAD
-10.382752,26.175468,-27.600904,LUAD,tumor,tumor_LUAD
-52.75141,79.96516,-6.398029,LUAD,tumor,tumor_LUAD
-4.49262,10.349088,-43.502323,LUAD,tumor,tumor_LUAD
-32.755028,43.560356,-25.096054,LUAD,tumor,tumor_LUAD
-33.81993,91.0424,-5.0333996,LUAD,tumor,tumor_LUAD
-22.280584,44.574806,-22.83555,LUAD,tumor,tumor_LUAD
-29.886395,54.36805,-33.22546,LUAD,tumor,tumor_LUAD
-16.643986,26.725798,-53.41667,LUAD,tumor,tumor_LUAD
-10.556045,36.648445,-6.3460107,LUAD,tumor,tumor_LUAD
-35.731354,39.126392,21.006527,LUAD,tumor,tumor_LUAD
11.15249,40.00568,-31.441343,LUAD,tumor,tumor_LUAD
26.135061,10.60532,-35.66314,LUAD,tumor,tumor_LUAD
-26.265917,31.997347,-44.369976,LUAD,tumor,tumor_LUAD
-4.1082444,21.307064,-29.269281,LUAD,tumor,tumor_LUAD
-19.685148,34.82318,-30.333796,LUAD,tumor,tumor_LUAD
-7.1812034,51.91312,-66.81192,LUAD,tumor,tumor_LUAD
-4.9845443,66.74853,-49.019234,LUAD,tumor,tumor_LUAD
-18.400684,49.699768,-39.98179,LUAD,tumor,tumor_LUAD
-19.62512,49.175266,-42.72568,LUAD,tumor,tumor_LUAD
33.36371,-14.753561,-19.840662,LUAD,normal,normal_LUAD
16.620417,4.6532073,-28.907658,LUAD,normal,normal_LUAD
36.063435,-4.210283,-27.1679,LUAD,normal,normal_LUAD
24.02042,12.021471,-29.04026,LUAD,normal,normal_LUAD
31.490414,-33.432354,-25.611307,LUAD,normal,normal_LUAD
19.18081,7.523227,-41.40076,LUAD,normal,normal_LUAD
30.708368,-15.216681,-39.619465,LUAD,normal,normal_LUAD
39.478397,-15.565981,-25.000391,LUAD,normal,normal_LUAD
26.972557,-10.689586,-32.72971,LUAD,normal,normal_LUAD
20.58796,15.811048,-31.399467,LUAD,normal,normal_LUAD
32.973602,-23.618866,-38.85877,LUAD,normal,normal_LUAD
33.383244,-26.891224,-35.355953,LUAD,normal,normal_LUAD
31.946486,-23.842745,-28.64737,LUAD,normal,normal_LUAD
28.28191,-0.07123289,-23.226755,LUAD,normal,normal_LUAD
26.621384,-6.16747,-30.961092,LUAD,normal,normal_LUAD
37.260452,-21.444868,-28.13847,LUAD,normal,normal_LUAD
28.4086,-6.4672623,-38.7945,LUAD,normal,normal_LUAD
26.316755,-45.9821,-21.649101,LUAD,normal,normal_LUAD
28.11611,-27.701784,-23.087345,LUAD,normal,normal_LUAD
27.080212,-11.271158,-35.837353,LUAD,normal,normal_LUAD
42.969723,-19.268484,-32.451767,LUAD,normal,normal_LUAD
26.763113,-14.258051,-28.963076,LUAD,normal,normal_LUAD
20.118471,-0.30113927,-25.13707,LUAD,normal,normal_LUAD
17.303885,-13.884899,-22.516203,LUAD,normal,normal_LUAD
36.963253,-18.762075,-30.383724,LUAD,normal,normal_LUAD
37.705673,-32.53571,-31.92934,LUAD,normal,normal_LUAD
24.473793,-19.14027,-18.148071,LUAD,normal,normal_LUAD
25.17372,-4.028012,-22.186646,LUAD,normal,normal_LUAD
27.746716,-5.6872306,-18.082085,LUAD,normal,normal_LUAD
34.23142,-11.678904,-19.679827,LUAD,normal,normal_LUAD
38.07244,-28.33674,-26.260971,LUAD,normal,normal_LUAD
31.027653,-19.960028,-27.702381,LUAD,normal,normal_LUAD
30.811192,-30.408068,-33.587513,LUAD,normal,normal_LUAD
33.77963,-15.023097,-25.550175,LUAD,normal,normal_LUAD
42.320484,-28.311785,-25.77647,LUAD,normal,normal_LUAD
38.196896,-27.823189,-31.500399,LUAD,normal,normal_LUAD
19.126333,5.8349824,-28.447912,LUAD,normal,normal_LUAD
24.639027,-3.0106328,-30.198288,LUAD,normal,normal_LUAD
37.60827,-12.572754,-43.06875,LUAD,normal,normal_LUAD
27.30541,-12.824013,-32.34361,LUAD,normal,normal_LUAD
33.947693,-17.935595,-25.944593,LUAD,normal,normal_LUAD
28.706676,-8.371985,-26.124691,LUAD,normal,normal_LUAD
26.273209,-19.641096,-26.326017,LUAD,normal,normal_LUAD
22.0374,4.0435944,-42.534035,LUAD,normal,normal_LUAD
28.871395,-23.909863,-23.399094,LUAD,normal,normal_LUAD
32.135323,-27.993938,-32.452656,LUAD,normal,normal_LUAD
27.482607,-22.997948,-39.805603,LUAD,normal,normal_LUAD
14.058054,1.673417,-31.497225,LUAD,normal,normal_LUAD
21.885834,-15.596039,-27.616419,LUAD,normal,normal_LUAD
25.441793,-15.455727,-37.152367,LUAD,normal,normal_LUAD
23.953579,-38.71077,-25.990644,LUAD,normal,normal_LUAD
30.015676,2.5383735,-23.830069,LUAD,normal,normal_LUAD
23.748703,-19.879982,-18.907846,LUAD,normal,normal_LUAD
17.889065,7.7662253,-31.475332,LUAD,normal,normal_LUAD
41.98937,-15.9093,-28.51599,LUAD,normal,normal_LUAD
11.754616,-34.292156,-34.275562,LUAD,normal,normal_LUAD
31.96789,-12.020906,-32.802704,LUAD,normal,normal_LUAD
15.657324,-21.54424,-17.667252,LUAD,normal,normal_LUAD
28.752934,-33.319103,-26.844343,LUAD,normal,normal_LUAD
-66.35276,-36.313633,57.481026,PRAD,tumor,tumor_PRAD
-66.91261,-80.32514,113.6273,PRAD,tumor,tumor_PRAD
-72.20379,-65.49826,99.95416,PRAD,tumor,tumor_PRAD
-69.11369,-48.46413,85.105774,PRAD,tumor,tumor_PRAD
-60.882366,-85.41509,101.944374,PRAD,tumor,tumor_PRAD
-72.263985,-74.289276,106.96644,PRAD,tumor,tumor_PRAD
-59.688755,-72.127686,93.51153,PRAD,tumor,tumor_PRAD
-74.10591,-63.883316,110.53451,PRAD,tumor,tumor_PRAD
-59.998177,-53.973877,62.416557,PRAD,tumor,tumor_PRAD
-68.13899,-85.43715,118.36037,PRAD,tumor,tumor_PRAD
-67.47218,-63.633354,95.84799,PRAD,tumor,tumor_PRAD
-61.43074,-84.17409,84.56629,PRAD,tumor,tumor_PRAD
-45.026466,-74.43045,74.86172,PRAD,tumor,tumor_PRAD
-53.179913,-92.56652,86.098404,PRAD,tumor,tumor_PRAD
-45.44146,-94.74127,82.46844,PRAD,tumor,tumor_PRAD
-57.75269,-84.096886,87.52167,PRAD,tumor,tumor_PRAD
-62.477516,-71.13271,79.65272,PRAD,tumor,tumor_PRAD
-52.038414,-88.454285,85.26296,PRAD,tumor,tumor_PRAD
-72.420525,-71.79871,98.896545,PRAD,tumor,tumor_PRAD
-42.37958,-90.08705,76.465645,PRAD,tumor,tumor_PRAD
-54.71944,-100.83808,103.22205,PRAD,tumor,tumor_PRAD
-60.70466,-53.232166,79.21328,PRAD,tumor,tumor_PRAD
-34.220814,-94.56479,73.641495,PRAD,tumor,tumor_PRAD
-66.40158,-93.909935,121.48545,PRAD,tumor,tumor_PRAD
-53.967587,-86.72432,82.55583,PRAD,tumor,tumor_PRAD
-65.97003,-80.00705,100.24344,PRAD,tumor,tumor_PRAD
-64.58706,-92.505806,114.004005,PRAD,tumor,tumor_PRAD
-65.52912,-86.76688,107.619415,PRAD,tumor,tumor_PRAD
-71.9678,-74.94846,110.64993,PRAD,tumor,tumor_PRAD
-60.56878,-67.597084,89.04524,PRAD,tumor,tumor_PRAD
-73.28273,-89.883736,124.08993,PRAD,tumor,tumor_PRAD
-57.325783,-80.117004,86.982414,PRAD,tumor,tumor_PRAD
-65.39765,-59.0412,110.34858,PRAD,tumor,tumor_PRAD
-64.98891,-59.47796,92.839096,PRAD,tumor,tumor_PRAD
-55.343456,-81.5287,89.05966,PRAD,tumor,tumor_PRAD
-52.613834,-88.23111,96.38916,PRAD,tumor,tumor_PRAD
-79.27533,-55.53863,106.41995,PRAD,tumor,tumor_PRAD
-72.3134,-67.83151,118.11656,PRAD,tumor,tumor_PRAD
-64.76144,-68.94813,90.98865,PRAD,tumor,tumor_PRAD
-48.129055,-79.01796,77.98581,PRAD,tumor,tumor_PRAD
-71.31468,-76.91718,106.31331,PRAD,tumor,tumor_PRAD
-49.84858,-91.01021,94.14606,PRAD,tumor,tumor_PRAD
-69.17718,-81.31063,91.84909,PRAD,tumor,tumor_PRAD
-44.19914,-82.2222,84.098114,PRAD,tumor,tumor_PRAD
-68.05584,-72.02951,99.487206,PRAD,tumor,tumor_PRAD
-77.04674,-63.18489,122.81145,PRAD,tumor,tumor_PRAD
-74.43286,-76.12679,116.68718,PRAD,tumor,tumor_PRAD
-62.88551,-81.95178,105.508064,PRAD,tumor,tumor_PRAD
-78.67259,-79.05781,126.52864,PRAD,tumor,tumor_PRAD
-56.786133,-88.609886,100.65508,PRAD,tumor,tumor_PRAD
-76.77113,-68.04038,108.92118,PRAD,tumor,tumor_PRAD
-72.78297,-68.054085,95.688416,PRAD,tumor,tumor_PRAD
-82.601974,-56.96914,94.54007,PRAD,tumor,tumor_PRAD
-47.57172,-76.06925,91.511894,PRAD,tumor,tumor_PRAD
-72.95402,-70.56656,121.61055,PRAD,tumor,tumor_PRAD
-53.361626,-77.69563,94.19204,PRAD,tumor,tumor_PRAD
-52.79073,-75.04496,81.963196,PRAD,tumor,tumor_PRAD
-66.74477,-67.68072,80.5387,PRAD,tumor,tumor_PRAD
-81.225945,-51.79159,112.19918,PRAD,tumor,tumor_PRAD
-47.07584,-93.646805,86.569916,PRAD,tumor,tumor_PRAD
-40.976738,-60.47527,52.857838,PRAD,tumor,tumor_PRAD
-66.30954,-74.4108,104.03624,PRAD,tumor,tumor_PRAD
-62.721844,-84.804016,94.53419,PRAD,tumor,tumor_PRAD
-18.01398,-93.33476,60.338497,PRAD,tumor,tumor_PRAD
-63.630085,-63.737617,80.884125,PRAD,tumor,tumor_PRAD
-23.706057,-95.22406,65.95302,PRAD,tumor,tumor_PRAD
-62.843872,-84.644104,112.072395,PRAD,tumor,tumor_PRAD
-45.94561,-89.29924,82.66936,PRAD,tumor,tumor_PRAD
-78.83442,-64.72641,114.06722,PRAD,tumor,tumor_PRAD
-70.582726,-64.74672,101.205215,PRAD,tumor,tumor_PRAD
-66.9037,-58.35016,79.37792,PRAD,tumor,tumor_PRAD
-60.594086,-75.66163,85.004295,PRAD,tumor,tumor_PRAD
-79.34672,-43.067566,79.16694,PRAD,tumor,tumor_PRAD
-72.7287,-83.40184,112.4102,PRAD,tumor,tumor_PRAD
-61.44935,-92.870476,105.80846,PRAD,tumor,tumor_PRAD
-72.32681,-67.1571,110.27386,PRAD,tumor,tumor_PRAD
-81.80228,-56.03864,115.56169,PRAD,tumor,tumor_PRAD
-98.153015,-36.966736,134.06148,PRAD,tumor,tumor_PRAD
-56.85967,-86.16284,87.89728,PRAD,tumor,tumor_PRAD
-75.56345,-68.655716,97.30419,PRAD,tumor,tumor_PRAD
-51.95165,-90.66048,101.04691,PRAD,tumor,tumor_PRAD
-52.031418,-64.50169,90.56846,PRAD,tumor,tumor_PRAD
-96.84698,-51.1549,123.45509,PRAD,tumor,tumor_PRAD
-83.754684,-59.129204,114.876976,PRAD,tumor,tumor_PRAD
-74.52037,-73.3686,113.19693,PRAD,tumor,tumor_PRAD
-68.42571,-73.57513,98.148,PRAD,tumor,tumor_PRAD
-75.705925,-63.96951,102.67524,PRAD,tumor,tumor_PRAD
-57.291115,-72.09042,74.84171,PRAD,tumor,tumor_PRAD
-72.25022,-59.285553,89.68404,PRAD,tumor,tumor_PRAD
-93.449615,-43.965206,132.50423,PRAD,tumor,tumor_PRAD
-87.44676,-62.727104,124.13125,PRAD,tumor,tumor_PRAD
-48.55803,-60.12054,67.241905,PRAD,tumor,tumor_PRAD
-59.908047,-71.52516,76.33693,PRAD,tumor,tumor_PRAD
-72.435875,-52.48924,85.30369,PRAD,tumor,tumor_PRAD
-48.48909,-89.65617,86.620674,PRAD,tumor,tumor_PRAD
-55.210575,-47.62311,64.47281,PRAD,tumor,tumor_PRAD
-52.155807,-82.037704,90.485275,PRAD,tumor,tumor_PRAD
-75.2531,-74.261826,105.47777,PRAD,tumor,tumor_PRAD
-51.599125,-93.92701,98.32127,PRAD,tumor,tumor_PRAD
-58.928207,-69.68862,80.52582,PRAD,tumor,tumor_PRAD
-49.27773,-96.02807,81.07435,PRAD,tumor,tumor_PRAD
-82.55177,-30.831642,90.83082,PRAD,tumor,tumor_PRAD
-45.040028,-64.22248,93.01118,PRAD,tumor,tumor_PRAD
-53.830715,-43.596455,65.35793,PRAD,tumor,tumor_PRAD
-76.60538,-45.959984,80.21201,PRAD,tumor,tumor_PRAD
-67.70496,-71.357796,107.83205,PRAD,tumor,tumor_PRAD
-56.070892,-66.904625,104.59395,PRAD,tumor,tumor_PRAD
-71.855736,11.269297,75.7768,PRAD,tumor,tumor_PRAD
-74.244095,-65.53438,113.124695,PRAD,tumor,tumor_PRAD
-48.4379,-93.68089,90.965515,PRAD,tumor,tumor_PRAD
-55.231934,-98.1698,114.201805,PRAD,tumor,tumor_PRAD
-68.82713,-90.77842,127.28638,PRAD,tumor,tumor_PRAD
-69.06638,-85.3367,105.13594,PRAD,tumor,tumor_PRAD
-72.15651,-47.460728,83.28557,PRAD,tumor,tumor_PRAD
-60.569996,-49.37444,77.92946,PRAD,tumor,tumor_PRAD
-62.43629,-94.80814,112.00192,PRAD,tumor,tumor_PRAD
-62.040573,-64.5795,92.5617,PRAD,tumor,tumor_PRAD
-59.26378,-54.84532,87.052246,PRAD,tumor,tumor_PRAD
-54.029995,-56.174362,81.13332,PRAD,tumor,tumor_PRAD
-63.39139,-78.821655,116.31374,PRAD,tumor,tumor_PRAD
-47.67904,-66.752884,63.01696,PRAD,tumor,tumor_PRAD
-62.94816,-92.29427,117.08472,PRAD,tumor,tumor_PRAD
-59.13064,-45.71812,61.01271,PRAD,tumor,tumor_PRAD
-80.544556,-65.541374,111.08841,PRAD,tumor,tumor_PRAD
-65.31145,-61.407375,102.78469,PRAD,tumor,tumor_PRAD
-55.86734,-60.281334,87.38398,PRAD,tumor,tumor_PRAD
-55.332943,-89.38909,95.68131,PRAD,tumor,tumor_PRAD
-66.628845,-77.37772,94.32807,PRAD,tumor,tumor_PRAD
-59.10193,-76.84091,105.00322,PRAD,tumor,tumor_PRAD
-65.785645,-80.284676,108.27567,PRAD,tumor,tumor_PRAD
-88.352875,-55.137234,123.00525,PRAD,tumor,tumor_PRAD
-56.93058,-68.17604,76.40666,PRAD,tumor,tumor_PRAD
-80.84076,-53.86201,102.29067,PRAD,tumor,tumor_PRAD
-33.60263,-32.41333,28.682209,PRAD,tumor,tumor_PRAD
-52.502262,-86.17587,83.74535,PRAD,tumor,tumor_PRAD
-51.011433,-76.80655,75.92374,PRAD,tumor,tumor_PRAD
-47.449326,-65.8904,49.232903,PRAD,tumor,tumor_PRAD
-41.134747,-70.8876,63.788345,PRAD,tumor,tumor_PRAD
-76.87863,-63.21114,102.99503,PRAD,tumor,tumor_PRAD
-49.20984,-62.25225,48.019745,PRAD,tumor,tumor_PRAD
-48.882427,-65.29647,51.23245,PRAD,tumor,tumor_PRAD
-66.77473,-57.341274,87.613914,PRAD,tumor,tumor_PRAD
-72.95459,-67.80481,106.21808,PRAD,tumor,tumor_PRAD
-45.42193,-39.011974,49.516136,PRAD,tumor,tumor_PRAD
-63.446857,-79.33516,97.33519,PRAD,tumor,tumor_PRAD
-69.14037,-63.89607,98.84502,PRAD,tumor,tumor_PRAD
-48.453285,-85.151634,71.552414,PRAD,tumor,tumor_PRAD
-62.49126,-98.70429,121.47048,PRAD,tumor,tumor_PRAD
-91.00161,-40.32001,122.88931,PRAD,tumor,tumor_PRAD
-54.536274,-69.9514,101.89347,PRAD,tumor,tumor_PRAD
-73.4875,-74.62651,112.60845,PRAD,tumor,tumor_PRAD
-51.44914,-75.8799,82.727135,PRAD,tumor,tumor_PRAD
-60.005054,-74.5954,90.68881,PRAD,tumor,tumor_PRAD
-71.98521,-66.89406,117.26896,PRAD,tumor,tumor_PRAD
-50.845886,-73.417336,79.93838,PRAD,tumor,tumor_PRAD
-84.79237,-51.12726,119.68555,PRAD,tumor,tumor_PRAD
-56.71881,-95.058525,112.50717,PRAD,tumor,tumor_PRAD
-52.6379,-62.385536,69.84044,PRAD,tumor,tumor_PRAD
-59.062244,-91.90681,106.56087,PRAD,tumor,tumor_PRAD
-49.24294,-84.133224,104.44644,PRAD,tumor,tumor_PRAD
-91.749344,-51.23704,125.23788,PRAD,tumor,tumor_PRAD
-71.1128,-76.05106,94.37434,PRAD,tumor,tumor_PRAD
-35.345123,-89.48291,71.09564,PRAD,tumor,tumor_PRAD
-40.648964,-83.022316,72.41583,PRAD,tumor,tumor_PRAD
-79.798706,-62.91524,105.859985,PRAD,tumor,tumor_PRAD
-73.34009,-68.05701,107.497734,PRAD,tumor,tumor_PRAD
-41.889492,-67.617584,67.15843,PRAD,tumor,tumor_PRAD
-64.194374,-62.089333,96.47547,PRAD,tumor,tumor_PRAD
-80.4871,-55.22635,116.49577,PRAD,tumor,tumor_PRAD
-63.721405,-80.06684,112.37354,PRAD,tumor,tumor_PRAD
-72.1204,-83.958435,118.17066,PRAD,tumor,tumor_PRAD
-51.180386,-80.23156,89.59099,PRAD,tumor,tumor_PRAD
-97.63721,-46.10578,119.15387,PRAD,tumor,tumor_PRAD
-49.672794,-87.90624,100.9452,PRAD,tumor,tumor_PRAD
-62.742153,-92.62343,110.50522,PRAD,tumor,tumor_PRAD
-61.933853,-91.773705,106.6554,PRAD,tumor,tumor_PRAD
-72.20689,-64.0069,98.88843,PRAD,tumor,tumor_PRAD
-46.86023,-95.9909,92.93141,PRAD,tumor,tumor_PRAD
-58.072544,-78.83392,87.92249,PRAD,tumor,tumor_PRAD
-65.01842,-65.20721,103.42923,PRAD,tumor,tumor_PRAD
-69.13089,-77.3861,105.51523,PRAD,tumor,tumor_PRAD
-63.278763,-82.33199,106.65295,PRAD,tumor,tumor_PRAD
-74.68064,-70.90269,110.12209,PRAD,tumor,tumor_PRAD
-50.610317,-76.00793,74.8469,PRAD,tumor,tumor_PRAD
-74.338104,-75.088486,121.5434,PRAD,tumor,tumor_PRAD
-59.923492,-62.671066,71.93977,PRAD,tumor,tumor_PRAD
-45.881824,-94.14648,91.835724,PRAD,tumor,tumor_PRAD
-72.31402,-71.84761,108.844864,PRAD,tumor,tumor_PRAD
-85.03209,-39.717308,96.72925,PRAD,tumor,tumor_PRAD
-101.59682,-27.698872,127.51209,PRAD,tumor,tumor_PRAD
-55.965385,-73.484055,73.50114,PRAD,tumor,tumor_PRAD
-60.533775,-89.54832,101.978584,PRAD,tumor,tumor_PRAD
-51.37087,-84.37295,81.484245,PRAD,tumor,tumor_PRAD
-60.314857,-41.011703,93.03778,PRAD,tumor,tumor_PRAD
-67.24421,-80.753624,100.20647,PRAD,tumor,tumor_PRAD
-92.708336,-54.52402,139.05748,PRAD,tumor,tumor_PRAD
-67.52759,-77.032936,104.78893,PRAD,tumor,tumor_PRAD
-79.13569,-67.57403,105.00028,PRAD,tumor,tumor_PRAD
-71.585175,-88.624115,110.69123,PRAD,tumor,tumor_PRAD
-54.513004,-85.46999,94.36339,PRAD,tumor,tumor_PRAD
-51.178448,-69.75973,67.389946,PRAD,tumor,tumor_PRAD
-37.556236,-91.049484,67.31696,PRAD,tumor,tumor_PRAD
-80.02634,-67.98421,128.37025,PRAD,tumor,tumor_PRAD
-84.67491,-58.91468,114.00036,PRAD,tumor,tumor_PRAD
-51.46681,-54.261066,74.18117,PRAD,tumor,tumor_PRAD
-68.28278,-85.498184,114.84311,PRAD,tumor,tumor_PRAD
-77.03213,-55.622993,111.274704,PRAD,tumor,tumor_PRAD
-82.414665,-56.790325,107.22622,PRAD,tumor,tumor_PRAD
-64.38515,-73.495834,99.31397,PRAD,normal,normal_PRAD
-46.59285,-80.1796,79.23028,PRAD,normal,normal_PRAD
-61.806763,-97.38364,113.850365,PRAD,normal,normal_PRAD
-71.3876,-46.569504,86.60221,PRAD,normal,normal_PRAD
-50.814823,-98.12982,102.65429,PRAD,normal,normal_PRAD
-7.990975,-119.415054,65.350746,PRAD,normal,normal_PRAD
-46.109154,-89.258224,99.90693,PRAD,normal,normal_PRAD
-34.123394,-98.451355,79.05862,PRAD,normal,normal_PRAD
-16.945404,-89.90815,40.46244,PRAD,normal,normal_PRAD
-52.774776,-105.006355,109.10497,PRAD,normal,normal_PRAD
-46.051357,-94.148056,92.84003,PRAD,normal,normal_PRAD
-62.291073,-95.01304,107.518524,PRAD,normal,normal_PRAD
-19.478487,-104.43312,69.29401,PRAD,normal,normal_PRAD
-20.907093,-91.5766,58.68371,PRAD,normal,normal_PRAD
-26.388664,-106.23887,74.15736,PRAD,normal,normal_PRAD
-12.508733,-106.27642,52.771503,PRAD,normal,normal_PRAD
-41.780663,-77.39312,78.90172,PRAD,normal,normal_PRAD
-3.383776,-98.405266,55.39567,PRAD,normal,normal_PRAD
-39.42739,-92.368034,78.81176,PRAD,normal,normal_PRAD
-31.186157,-106.32349,81.64448,PRAD,normal,normal_PRAD
-18.403086,-103.40222,58.1768,PRAD,normal,normal_PRAD
-41.961094,-89.258896,92.313614,PRAD,normal,normal_PRAD
-28.332302,-93.73568,72.14932,PRAD,normal,normal_PRAD
-34.689167,-99.3438,83.45494,PRAD,normal,normal_PRAD
-23.86425,-85.876205,58.525642,PRAD,normal,normal_PRAD
-34.332916,-101.196526,86.03662,PRAD,normal,normal_PRAD
-35.088394,-94.408936,79.11874,PRAD,normal,normal_PRAD
-45.03632,-80.42332,91.07423,PRAD,normal,normal_PRAD
-65.98356,-82.713234,115.83478,PRAD,normal,normal_PRAD
-41.82367,-95.694305,96.626396,PRAD,normal,normal_PRAD
-56.461662,-98.90381,117.33116,PRAD,normal,normal_PRAD
-67.05174,-49.954754,95.7811,PRAD,normal,normal_PRAD
-67.55758,-71.100494,108.600105,PRAD,normal,normal_PRAD
-65.964615,-67.55574,90.75685,PRAD,normal,normal_PRAD
-62.923573,-76.80621,106.49174,PRAD,normal,normal_PRAD
-46.654358,-103.580086,107.76462,PRAD,normal,normal_PRAD
-51.508186,-91.8919,101.84424,PRAD,normal,normal_PRAD
-63.20704,-73.51417,78.49462,PRAD,normal,normal_PRAD
-17.503134,-60.31949,74.911674,PRAD,normal,normal_PRAD
-1.3414061,-74.955795,55.745327,PRAD,normal,normal_PRAD
0.095299296,-85.38287,59.206177,PRAD,normal,normal_PRAD
4.642995,-70.472824,51.35985,PRAD,normal,normal_PRAD
-59.8843,-93.491684,105.65743,PRAD,normal,normal_PRAD
0.2801177,-85.92238,55.972942,PRAD,normal,normal_PRAD
-11.482882,-73.3179,62.969208,PRAD,normal,normal_PRAD
-37.062,-87.3784,75.26183,PRAD,normal,normal_PRAD
-54.172764,-100.767746,104.14689,PRAD,normal,normal_PRAD
-10.271385,-57.59198,65.43679,PRAD,normal,normal_PRAD
-40.538277,-103.93517,100.180664,PRAD,normal,normal_PRAD
-52.83323,-102.79492,113.97893,PRAD,normal,normal_PRAD
-43.045002,-61.271458,74.3105,PRAD,normal,normal_PRAD
-42.691326,-85.68934,81.4901,PRAD,normal,normal_PRAD
