index,participante,tipo,cohorte
TCGA-A7-A0CE-01A-11R-A00Z-07,TCGA-A7-A0CE,tumor,BRCA
TCGA-A7-A0CH-01A-21R-A00Z-07,TCGA-A7-A0CH,tumor,BRCA
TCGA-A7-A0D9-01A-31R-A056-07,TCGA-A7-A0D9,tumor,BRCA
TCGA-A7-A0DB-01A-11R-A00Z-07,TCGA-A7-A0DB,tumor,BRCA
TCGA-A7-A13E-01A-11R-A12P-07,TCGA-A7-A13E,tumor,BRCA
TCGA-A7-A13F-01A-11R-A12P-07,TCGA-A7-A13F,tumor,BRCA
TCGA-A7-A13G-01A-11R-A13Q-07,TCGA-A7-A13G,tumor,BRCA
TCGA-AC-A23H-01A-11R-A157-07,TCGA-AC-A23H,tumor,BRCA
TCGA-AC-A2FB-01A-11R-A17B-07,TCGA-AC-A2FB,tumor,BRCA
TCGA-AC-A2FF-01A-11R-A17B-07,TCGA-AC-A2FF,tumor,BRCA
TCGA-AC-A2FM-01A-11R-A19W-07,TCGA-AC-A2FM,tumor,BRCA
TCGA-BH-A0AU-01A-11R-A12P-07,TCGA-BH-A0AU,tumor,BRCA
TCGA-BH-A0AY-01A-21R-A00Z-07,TCGA-BH-A0AY,tumor,BRCA
TCGA-BH-A0AZ-01A-21R-A12P-07,TCGA-BH-A0AZ,tumor,BRCA
TCGA-BH-A0B3-01A-11R-A056-07,TCGA-BH-A0B3,tumor,BRCA
TCGA-BH-A0B5-01A-11R-A12P-07,TCGA-BH-A0B5,tumor,BRCA
TCGA-BH-A0B7-01A-12R-A115-07,TCGA-BH-A0B7,tumor,BRCA
TCGA-BH-A0B8-01A-21R-A056-07,TCGA-BH-A0B8,tumor,BRCA
TCGA-BH-A0BA-01A-11R-A056-07,TCGA-BH-A0BA,tumor,BRCA
TCGA-BH-A0BC-01A-22R-A084-07,TCGA-BH-A0BC,tumor,BRCA
TCGA-BH-A0BJ-01A-11R-A056-07,TCGA-BH-A0BJ,tumor,BRCA
TCGA-BH-A0BM-01A-11R-A056-07,TCGA-BH-A0BM,tumor,BRCA
TCGA-BH-A0BQ-01A-21R-A115-07,TCGA-BH-A0BQ,tumor,BRCA
TCGA-BH-A0BS-01A-11R-A12P-07,TCGA-BH-A0BS,tumor,BRCA
TCGA-BH-A0BT-01A-11R-A12P-07,TCGA-BH-A0BT,tumor,BRCA
TCGA-BH-A0BV-01A-11R-A00Z-07,TCGA-BH-A0BV,tumor,BRCA
TCGA-BH-A0BW-01A-11R-A115-07,TCGA-BH-A0BW,tumor,BRCA
TCGA-BH-A0BZ-01A-31R-A12P-07,TCGA-BH-A0BZ,tumor,BRCA
TCGA-BH-A0C0-01A-21R-A056-07,TCGA-BH-A0C0,tumor,BRCA
TCGA-BH-A0C3-01A-21R-A12P-07,TCGA-BH-A0C3,tumor,BRCA
TCGA-BH-A0DD-01A-31R-A12P-07,TCGA-BH-A0DD,tumor,BRCA
TCGA-BH-A0DG-01A-21R-A12P-07,TCGA-BH-A0DG,tumor,BRCA
TCGA-BH-A0DH-01A-11R-A084-07,TCGA-BH-A0DH,tumor,BRCA
TCGA-BH-A0DK-01A-21R-A056-07,TCGA-BH-A0DK,tumor,BRCA
TCGA-BH-A0DL-01A-11R-A115-07,TCGA-BH-A0DL,tumor,BRCA
TCGA-BH-A0DO-01B-11R-A12D-07,TCGA-BH-A0DO,tumor,BRCA
TCGA-BH-A0DP-01A-21R-A056-07,TCGA-BH-A0DP,tumor,BRCA
TCGA-BH-A0DQ-01A-11R-A084-07,TCGA-BH-A0DQ,tumor,BRCA
TCGA-BH-A0DT-01A-21R-A12D-07,TCGA-BH-A0DT,tumor,BRCA
TCGA-BH-A0DV-01A-21R-A12P-07,TCGA-BH-A0DV,tumor,BRCA
TCGA-BH-A0DZ-01A-11R-A00Z-07,TCGA-BH-A0DZ,tumor,BRCA
TCGA-BH-A0E0-01A-11R-A056-07,TCGA-BH-A0E0,tumor,BRCA
TCGA-BH-A0E1-01A-11R-A056-07,TCGA-BH-A0E1,tumor,BRCA
TCGA-BH-A0H5-01A-21R-A115-07,TCGA-BH-A0H5,tumor,BRCA
TCGA-BH-A0H7-01A-13R-A056-07,TCGA-BH-A0H7,tumor,BRCA
TCGA-BH-A0H9-01A-11R-A056-07,TCGA-BH-A0H9,tumor,BRCA
TCGA-BH-A0HA-01A-11R-A12P-07,TCGA-BH-A0HA,tumor,BRCA
TCGA-BH-A0HK-01A-11R-A056-07,TCGA-BH-A0HK,tumor,BRCA
TCGA-BH-A18J-01A-11R-A12D-07,TCGA-BH-A18J,tumor,BRCA
TCGA-BH-A18K-01A-11R-A12D-07,TCGA-BH-A18K,tumor,BRCA
TCGA-BH-A18L-01A-32R-A12D-07,TCGA-BH-A18L,tumor,BRCA
TCGA-BH-A18M-01A-11R-A12D-07,TCGA-BH-A18M,tumor,BRCA
TCGA-BH-A18N-01A-11R-A12D-07,TCGA-BH-A18N,tumor,BRCA
TCGA-BH-A18P-01A-11R-A12D-07,TCGA-BH-A18P,tumor,BRCA
TCGA-BH-A18Q-01A-12R-A12D-07,TCGA-BH-A18Q,tumor,BRCA
TCGA-BH-A18R-01A-11R-A12D-07,TCGA-BH-A18R,tumor,BRCA
TCGA-BH-A18S-01A-11R-A12D-07,TCGA-BH-A18S,tumor,BRCA
TCGA-BH-A18U-01A-21R-A12D-07,TCGA-BH-A18U,tumor,BRCA
TCGA-BH-A18V-01A-11R-A12D-07,TCGA-BH-A18V,tumor,BRCA
TCGA-BH-A1EN-01A-11R-A13Q-07,TCGA-BH-A1EN,tumor,BRCA
TCGA-BH-A1EO-01A-11R-A137-07,TCGA-BH-A1EO,tumor,BRCA
TCGA-BH-A1ET-01A-11R-A137-07,TCGA-BH-A1ET,tumor,BRCA
TCGA-BH-A1EU-01A-11R-A137-07,TCGA-BH-A1EU,tumor,BRCA
TCGA-BH-A1EV-01A-11R-A137-07,TCGA-BH-A1EV,tumor,BRCA
TCGA-BH-A1EW-01A-11R-A137-07,TCGA-BH-A1EW,tumor,BRCA
TCGA-BH-A1F0-01A-11R-A137-07,TCGA-BH-A1F0,tumor,BRCA
TCGA-BH-A1F2-01A-31R-A13Q-07,TCGA-BH-A1F2,tumor,BRCA
TCGA-BH-A1F6-01A-11R-A13Q-07,TCGA-BH-A1F6,tumor,BRCA
TCGA-BH-A1F8-01A-11R-A13Q-07,TCGA-BH-A1F8,tumor,BRCA
TCGA-BH-A1FB-01A-11R-A13Q-07,TCGA-BH-A1FB,tumor,BRCA
TCGA-BH-A1FC-01A-11R-A13Q-07,TCGA-BH-A1FC,tumor,BRCA
TCGA-BH-A1FD-01A-11R-A13Q-07,TCGA-BH-A1FD,tumor,BRCA
TCGA-BH-A1FE-01A-11R-A13Q-07,TCGA-BH-A1FE,tumor,BRCA
TCGA-BH-A1FG-01A-11R-A13Q-07,TCGA-BH-A1FG,tumor,BRCA
TCGA-BH-A1FH-01A-12R-A13Q-07,TCGA-BH-A1FH,tumor,BRCA
TCGA-BH-A1FJ-01A-11R-A13Q-07,TCGA-BH-A1FJ,tumor,BRCA
TCGA-BH-A1FM-01A-11R-A13Q-07,TCGA-BH-A1FM,tumor,BRCA
TCGA-BH-A1FN-01A-11R-A13Q-07,TCGA-BH-A1FN,tumor,BRCA
TCGA-BH-A1FR-01A-11R-A13Q-07,TCGA-BH-A1FR,tumor,BRCA
TCGA-BH-A1FU-01A-11R-A14D-07,TCGA-BH-A1FU,tumor,BRCA
TCGA-BH-A203-01A-12R-A169-07,TCGA-BH-A203,tumor,BRCA
TCGA-BH-A204-01A-11R-A157-07,TCGA-BH-A204,tumor,BRCA
TCGA-BH-A208-01A-11R-A157-07,TCGA-BH-A208,tumor,BRCA
TCGA-BH-A209-01A-11R-A157-07,TCGA-BH-A209,tumor,BRCA
TCGA-E2-A153-01A-12R-A12D-07,TCGA-E2-A153,tumor,BRCA
TCGA-E2-A158-01A-11R-A12D-07,TCGA-E2-A158,tumor,BRCA
TCGA-E2-A15I-01A-21R-A137-07,TCGA-E2-A15I,tumor,BRCA
TCGA-E2-A15K-01A-11R-A12P-07,TCGA-E2-A15K,tumor,BRCA
TCGA-E2-A15M-01A-11R-A12D-07,TCGA-E2-A15M,tumor,BRCA
TCGA-E2-A1BC-01A-11R-A12P-07,TCGA-E2-A1BC,tumor,BRCA
TCGA-E2-A1IG-01A-11R-A144-07,TCGA-E2-A1IG,tumor,BRCA
TCGA-E2-A1L7-01A-11R-A144-07,TCGA-E2-A1L7,tumor,BRCA
TCGA-E2-A1LB-01A-11R-A144-07,TCGA-E2-A1LB,tumor,BRCA
TCGA-E2-A1LH-01A-11R-A14D-07,TCGA-E2-A1LH,tumor,BRCA
TCGA-E2-A1LS-01A-12R-A157-07,TCGA-E2-A1LS,tumor,BRCA
TCGA-E9-A1N4-01A-11R-A14M-07,TCGA-E9-A1N4,tumor,BRCA
TCGA-E9-A1N5-01A-11R-A14D-07,TCGA-E9-A1N5,tumor,BRCA
TCGA-E9-A1N6-01A-11R-A144-07,TCGA-E9-A1N6,tumor,BRCA
TCGA-E9-A1N9-01A-11R-A14D-07,TCGA-E9-A1N9,tumor,BRCA
TCGA-E9-A1NA-01A-11R-A144-07,TCGA-E9-A1NA,tumor,BRCA
TCGA-E9-A1ND-01A-11R-A144-07,TCGA-E9-A1ND,tumor,BRCA
TCGA-E9-A1NF-01A-11R-A14D-07,TCGA-E9-A1NF,tumor,BRCA
TCGA-E9-A1NG-01A-21R-A14M-07,TCGA-E9-A1NG,tumor,BRCA
TCGA-E9-A1R7-01A-11R-A14M-07,TCGA-E9-A1R7,tumor,BRCA
TCGA-E9-A1RB-01A-11R-A157-07,TCGA-E9-A1RB,tumor,BRCA
TCGA-E9-A1RC-01A-11R-A157-07,TCGA-E9-A1RC,tumor,BRCA
TCGA-E9-A1RD-01A-11R-A157-07,TCGA-E9-A1RD,tumor,BRCA
TCGA-E9-A1RF-01A-11R-A157-07,TCGA-E9-A1RF,tumor,BRCA
TCGA-E9-A1RH-01A-21R-A169-07,TCGA-E9-A1RH,tumor,BRCA
TCGA-E9-A1RI-01A-11R-A169-07,TCGA-E9-A1RI,tumor,BRCA
TCGA-GI-A2C8-01A-11R-A16F-07,TCGA-GI-A2C8,tumor,BRCA
TCGA-GI-A2C9-01A-11R-A21T-07,TCGA-GI-A2C9,tumor,BRCA
TCGA-E9-A1N3-01A-12R-A157-07,TCGA-E9-A1N3,tumor,BRCA
TCGA-B6-A1KN-01A-11R-A13Q-07,TCGA-B6-A1KN,tumor,BRCA
TCGA-A7-A3J0-01A-11R-A213-07,TCGA-A7-A3J0,tumor,BRCA
TCGA-BH-A28O-01A-11R-A22K-07,TCGA-BH-A28O,tumor,BRCA
TCGA-A2-A0SU-01A-11R-A084-07,TCGA-A2-A0SU,tumor,BRCA
TCGA-E2-A1BD-01A-11R-A12P-07,TCGA-E2-A1BD,tumor,BRCA
TCGA-E9-A1R4-01A-21R-A14D-07,TCGA-E9-A1R4,tumor,BRCA
TCGA-C8-A1HM-01A-12R-A137-07,TCGA-C8-A1HM,tumor,BRCA
TCGA-S3-AA12-01A-11R-A41B-07,TCGA-S3-AA12,tumor,BRCA
TCGA-AN-A0FT-01A-11R-A034-07,TCGA-AN-A0FT,tumor,BRCA
TCGA-AR-A2LM-01A-11R-A180-07,TCGA-AR-A2LM,tumor,BRCA
TCGA-A2-A0SV-01A-11R-A084-07,TCGA-A2-A0SV,tumor,BRCA
TCGA-BH-A0BG-01A-11R-A115-07,TCGA-BH-A0BG,tumor,BRCA
TCGA-D8-A1JB-01A-11R-A13Q-07,TCGA-D8-A1JB,tumor,BRCA
TCGA-PE-A5DE-01A-11R-A27Q-07,TCGA-PE-A5DE,tumor,BRCA
TCGA-HN-A2NL-01A-11R-A18M-07,TCGA-HN-A2NL,tumor,BRCA
TCGA-A2-A0T5-01A-21R-A084-07,TCGA-A2-A0T5,tumor,BRCA
TCGA-BH-A0DX-01A-11R-A115-07,TCGA-BH-A0DX,tumor,BRCA
TCGA-BH-A0EE-01A-11R-A034-07,TCGA-BH-A0EE,tumor,BRCA
TCGA-OL-A5D7-01A-11R-A27Q-07,TCGA-OL-A5D7,tumor,BRCA
TCGA-EW-A6S9-01A-22R-A33J-07,TCGA-EW-A6S9,tumor,BRCA
TCGA-D8-A1XB-01A-11R-A14D-07,TCGA-D8-A1XB,tumor,BRCA
TCGA-AR-A2LO-01A-31R-A18M-07,TCGA-AR-A2LO,tumor,BRCA
TCGA-D8-A3Z5-01A-41R-A24H-07,TCGA-D8-A3Z5,tumor,BRCA
TCGA-EW-A2FR-01A-11R-A21T-07,TCGA-EW-A2FR,tumor,BRCA
TCGA-AR-A1AX-01A-11R-A12P-07,TCGA-AR-A1AX,tumor,BRCA
TCGA-E2-A1IE-01A-11R-A13Q-07,TCGA-E2-A1IE,tumor,BRCA
TCGA-AN-A0XL-01A-11R-A10J-07,TCGA-AN-A0XL,tumor,BRCA
TCGA-AO-A12C-01A-11R-A10J-07,TCGA-AO-A12C,tumor,BRCA
TCGA-GM-A2DD-01A-11R-A180-07,TCGA-GM-A2DD,tumor,BRCA
TCGA-A2-A04P-01A-31R-A034-07,TCGA-A2-A04P,tumor,BRCA
TCGA-A2-A04X-01A-21R-A034-07,TCGA-A2-A04X,tumor,BRCA
TCGA-E2-A3DX-01A-21R-A213-07,TCGA-E2-A3DX,tumor,BRCA
TCGA-D8-A27H-01A-11R-A16F-07,TCGA-D8-A27H,tumor,BRCA
TCGA-A8-A09B-01A-11R-A00Z-07,TCGA-A8-A09B,tumor,BRCA
TCGA-E2-A14Y-01A-21R-A12D-07,TCGA-E2-A14Y,tumor,BRCA
TCGA-A2-A0YL-01A-21R-A109-07,TCGA-A2-A0YL,tumor,BRCA
TCGA-AN-A0XR-01A-11R-A109-07,TCGA-AN-A0XR,tumor,BRCA
TCGA-E9-A22G-01A-11R-A157-07,TCGA-E9-A22G,tumor,BRCA
TCGA-E2-A14N-01A-31R-A137-07,TCGA-E2-A14N,tumor,BRCA
TCGA-E2-A576-01A-11R-A31O-07,TCGA-E2-A576,tumor,BRCA
TCGA-E2-A1LA-01A-11R-A144-07,TCGA-E2-A1LA,tumor,BRCA
TCGA-BH-A0HO-01A-11R-A034-07,TCGA-BH-A0HO,tumor,BRCA
TCGA-A8-A097-01A-11R-A034-07,TCGA-A8-A097,tumor,BRCA
TCGA-A2-A3KD-01A-12R-A213-07,TCGA-A2-A3KD,tumor,BRCA
TCGA-C8-A135-01A-11R-A115-07,TCGA-C8-A135,tumor,BRCA
TCGA-EW-A1OV-01A-11R-A144-07,TCGA-EW-A1OV,tumor,BRCA
TCGA-AC-A7VC-01A-11R-A352-07,TCGA-AC-A7VC,tumor,BRCA
TCGA-E9-A54X-01A-11R-A266-07,TCGA-E9-A54X,tumor,BRCA
TCGA-AO-A03O-01A-11R-A00Z-07,TCGA-AO-A03O,tumor,BRCA
TCGA-A8-A09W-01A-11R-A00Z-07,TCGA-A8-A09W,tumor,BRCA
TCGA-C8-A12L-01A-11R-A115-07,TCGA-C8-A12L,tumor,BRCA
TCGA-A2-A0CS-01A-11R-A115-07,TCGA-A2-A0CS,tumor,BRCA
TCGA-E2-A1B1-01A-21R-A12P-07,TCGA-E2-A1B1,tumor,BRCA
TCGA-AN-A0FX-01A-11R-A034-07,TCGA-AN-A0FX,tumor,BRCA
TCGA-AC-A3TM-01A-11R-A22K-07,TCGA-AC-A3TM,tumor,BRCA
TCGA-EW-A1OY-01A-11R-A144-07,TCGA-EW-A1OY,tumor,BRCA
TCGA-A2-A0ET-01A-31R-A034-07,TCGA-A2-A0ET,tumor,BRCA
TCGA-E2-A15P-01A-11R-A115-07,TCGA-E2-A15P,tumor,BRCA
TCGA-A7-A2KD-01A-31R-A21T-07,TCGA-A7-A2KD,tumor,BRCA
TCGA-A2-A1G1-01A-21R-A13Q-07,TCGA-A2-A1G1,tumor,BRCA
TCGA-AN-A0AM-01A-11R-A034-07,TCGA-AN-A0AM,tumor,BRCA
TCGA-LL-A6FR-01A-12R-A31O-07,TCGA-LL-A6FR,tumor,BRCA
TCGA-AR-A255-01A-11R-A169-07,TCGA-AR-A255,tumor,BRCA
TCGA-AC-A3QP-01A-11R-A22U-07,TCGA-AC-A3QP,tumor,BRCA
TCGA-D8-A1JG-01B-11R-A13Q-07,TCGA-D8-A1JG,tumor,BRCA
TCGA-OL-A5DA-01A-11R-A27Q-07,TCGA-OL-A5DA,tumor,BRCA
TCGA-A2-A0SY-01A-31R-A084-07,TCGA-A2-A0SY,tumor,BRCA
TCGA-C8-A1HK-01A-21R-A13Q-07,TCGA-C8-A1HK,tumor,BRCA
TCGA-AN-A0FW-01A-11R-A034-07,TCGA-AN-A0FW,tumor,BRCA
TCGA-D8-A1JU-01A-11R-A13Q-07,TCGA-D8-A1JU,tumor,BRCA
TCGA-AC-A6IX-01A-12R-A32P-07,TCGA-AC-A6IX,tumor,BRCA
TCGA-D8-A1XZ-01A-11R-A14M-07,TCGA-D8-A1XZ,tumor,BRCA
TCGA-BH-A0H6-01A-21R-A056-07,TCGA-BH-A0H6,tumor,BRCA
TCGA-A8-A075-01A-11R-A084-07,TCGA-A8-A075,tumor,BRCA
TCGA-A2-A0EX-01A-21R-A034-07,TCGA-A2-A0EX,tumor,BRCA
TCGA-E9-A22B-01A-11R-A157-07,TCGA-E9-A22B,tumor,BRCA
TCGA-A8-A07F-01A-11R-A00Z-07,TCGA-A8-A07F,tumor,BRCA
TCGA-C8-A12T-01A-11R-A115-07,TCGA-C8-A12T,tumor,BRCA
TCGA-AO-A1KO-01A-31R-A13Q-07,TCGA-AO-A1KO,tumor,BRCA
TCGA-B6-A0IK-01A-12R-A056-07,TCGA-B6-A0IK,tumor,BRCA
TCGA-AO-A128-01A-11R-A10J-07,TCGA-AO-A128,tumor,BRCA
TCGA-C8-A12N-01A-11R-A115-07,TCGA-C8-A12N,tumor,BRCA
TCGA-E9-A3X8-01A-31R-A22U-07,TCGA-E9-A3X8,tumor,BRCA
TCGA-PE-A5DD-01A-12R-A27Q-07,TCGA-PE-A5DD,tumor,BRCA
TCGA-B6-A3ZX-01A-11R-A239-07,TCGA-B6-A3ZX,tumor,BRCA
TCGA-D8-A1XR-01A-11R-A14M-07,TCGA-D8-A1XR,tumor,BRCA
TCGA-S3-AA11-01A-31R-A41B-07,TCGA-S3-AA11,tumor,BRCA
TCGA-AN-A0FZ-01A-11R-A034-07,TCGA-AN-A0FZ,tumor,BRCA
TCGA-A2-A0YJ-01A-11R-A109-07,TCGA-A2-A0YJ,tumor,BRCA
TCGA-AC-A6IV-01A-12R-A33J-07,TCGA-AC-A6IV,tumor,BRCA
TCGA-C8-A130-01A-31R-A115-07,TCGA-C8-A130,tumor,BRCA
TCGA-AN-A04D-01A-21R-A034-07,TCGA-AN-A04D,tumor,BRCA
TCGA-A8-A092-01A-11R-A00Z-07,TCGA-A8-A092,tumor,BRCA
TCGA-D8-A140-01A-11R-A115-07,TCGA-D8-A140,tumor,BRCA
TCGA-BH-A0EI-01A-11R-A115-07,TCGA-BH-A0EI,tumor,BRCA
TCGA-AO-A12G-01A-11R-A10J-07,TCGA-AO-A12G,tumor,BRCA
TCGA-AO-A124-01A-11R-A10J-07,TCGA-AO-A124,tumor,BRCA
TCGA-E9-A244-01A-11R-A169-07,TCGA-E9-A244,tumor,BRCA
TCGA-C8-A8HP-01A-11R-A36F-07,TCGA-C8-A8HP,tumor,BRCA
TCGA-AR-A24U-01A-11R-A169-07,TCGA-AR-A24U,tumor,BRCA
TCGA-E2-A10A-01A-21R-A115-07,TCGA-E2-A10A,tumor,BRCA
TCGA-D8-A27G-01A-11R-A16F-07,TCGA-D8-A27G,tumor,BRCA
TCGA-E2-A107-01A-11R-A10J-07,TCGA-E2-A107,tumor,BRCA
TCGA-E9-A5UO-01A-11R-A28M-07,TCGA-E9-A5UO,tumor,BRCA
TCGA-OK-A5Q2-01A-11R-A27Q-07,TCGA-OK-A5Q2,tumor,BRCA
TCGA-WT-AB44-01A-11R-A41B-07,TCGA-WT-AB44,tumor,BRCA
TCGA-EW-A1PA-01A-11R-A144-07,TCGA-EW-A1PA,tumor,BRCA
TCGA-A2-A0EP-01A-52R-A22U-07,TCGA-A2-A0EP,tumor,BRCA
TCGA-BH-A0B9-01A-11R-A056-07,TCGA-BH-A0B9,tumor,BRCA
TCGA-EW-A424-01A-11R-A24H-07,TCGA-EW-A424,tumor,BRCA
TCGA-AC-A23G-01A-11R-A213-07,TCGA-AC-A23G,tumor,BRCA
TCGA-A2-A0T1-01A-21R-A084-07,TCGA-A2-A0T1,tumor,BRCA
TCGA-AC-A3YI-01A-21R-A239-07,TCGA-AC-A3YI,tumor,BRCA
TCGA-A2-A0CX-01A-21R-A00Z-07,TCGA-A2-A0CX,tumor,BRCA
TCGA-A2-A4S0-01A-21R-A266-07,TCGA-A2-A4S0,tumor,BRCA
TCGA-AN-A0FN-01A-11R-A034-07,TCGA-AN-A0FN,tumor,BRCA
TCGA-C8-A26V-01A-11R-A16F-07,TCGA-C8-A26V,tumor,BRCA
TCGA-AR-A24S-01A-11R-A169-07,TCGA-AR-A24S,tumor,BRCA
TCGA-AC-A3W7-01A-11R-A22K-07,TCGA-AC-A3W7,tumor,BRCA
TCGA-B6-A0X1-01A-11R-A109-07,TCGA-B6-A0X1,tumor,BRCA
TCGA-BH-A0EA-01A-11R-A115-07,TCGA-BH-A0EA,tumor,BRCA
TCGA-C8-A8HQ-01A-11R-A36F-07,TCGA-C8-A8HQ,tumor,BRCA
TCGA-D8-A1XA-01A-11R-A14D-07,TCGA-D8-A1XA,tumor,BRCA
TCGA-A8-A091-01A-11R-A00Z-07,TCGA-A8-A091,tumor,BRCA
TCGA-AO-A0J3-01A-11R-A034-07,TCGA-AO-A0J3,tumor,BRCA
TCGA-EW-A1P0-01A-11R-A144-07,TCGA-EW-A1P0,tumor,BRCA
TCGA-D8-A13Z-01A-11R-A115-07,TCGA-D8-A13Z,tumor,BRCA
TCGA-D8-A1Y3-01A-11R-A157-07,TCGA-D8-A1Y3,tumor,BRCA
TCGA-A8-A08J-01A-11R-A00Z-07,TCGA-A8-A08J,tumor,BRCA
TCGA-B6-A1KF-01A-11R-A13Q-07,TCGA-B6-A1KF,tumor,BRCA
TCGA-LL-A740-01A-21R-A32P-07,TCGA-LL-A740,tumor,BRCA
TCGA-AR-A1AQ-01A-11R-A12P-07,TCGA-AR-A1AQ,tumor,BRCA
TCGA-AC-A8OP-01A-11R-A36F-07,TCGA-AC-A8OP,tumor,BRCA
TCGA-A2-A0EU-01A-22R-A056-07,TCGA-A2-A0EU,tumor,BRCA
TCGA-B6-A0I1-01A-11R-A21T-07,TCGA-B6-A0I1,tumor,BRCA
TCGA-AR-A24T-01A-11R-A169-07,TCGA-AR-A24T,tumor,BRCA
TCGA-AR-A0TQ-01A-11R-A084-07,TCGA-AR-A0TQ,tumor,BRCA
TCGA-AN-A0XW-01A-11R-A109-07,TCGA-AN-A0XW,tumor,BRCA
TCGA-BH-AB28-01A-31R-A41B-07,TCGA-BH-AB28,tumor,BRCA
TCGA-A8-A06N-01A-11R-A00Z-07,TCGA-A8-A06N,tumor,BRCA
TCGA-AO-A0JL-01A-11R-A056-07,TCGA-AO-A0JL,tumor,BRCA
TCGA-BH-A0BO-01A-23R-A12D-07,TCGA-BH-A0BO,tumor,BRCA
TCGA-A8-A08I-01A-11R-A00Z-07,TCGA-A8-A08I,tumor,BRCA
TCGA-D8-A1XQ-01A-11R-A14M-07,TCGA-D8-A1XQ,tumor,BRCA
TCGA-A2-A3XU-01A-12R-A22U-07,TCGA-A2-A3XU,tumor,BRCA
TCGA-AR-A5QM-01A-11R-A27Q-07,TCGA-AR-A5QM,tumor,BRCA
TCGA-B6-A0IN-01A-11R-A034-07,TCGA-B6-A0IN,tumor,BRCA
TCGA-AO-A0JB-01A-11R-A32Y-07,TCGA-AO-A0JB,tumor,BRCA
TCGA-AN-A0AT-01A-11R-A034-07,TCGA-AN-A0AT,tumor,BRCA
TCGA-AR-A251-01A-12R-A169-07,TCGA-AR-A251,tumor,BRCA
TCGA-BH-A0HU-01A-11R-A034-07,TCGA-BH-A0HU,tumor,BRCA
TCGA-GM-A3XN-01A-12R-A22U-07,TCGA-GM-A3XN,tumor,BRCA
TCGA-AR-A1AR-01A-31R-A137-07,TCGA-AR-A1AR,tumor,BRCA
TCGA-UU-A93S-01A-21R-A41B-07,TCGA-UU-A93S,tumor,BRCA
TCGA-EW-A2FS-01A-11R-A17B-07,TCGA-EW-A2FS,tumor,BRCA
TCGA-A8-A07W-01A-11R-A00Z-07,TCGA-A8-A07W,tumor,BRCA
TCGA-A7-A3IY-01A-21R-A21T-07,TCGA-A7-A3IY,tumor,BRCA
TCGA-BH-A0BP-01A-11R-A115-07,TCGA-BH-A0BP,tumor,BRCA
TCGA-AO-A0JF-01A-11R-A056-07,TCGA-AO-A0JF,tumor,BRCA
TCGA-D8-A145-01A-11R-A115-07,TCGA-D8-A145,tumor,BRCA
TCGA-E2-A154-01A-11R-A115-07,TCGA-E2-A154,tumor,BRCA
TCGA-AR-A1AU-01A-11R-A12P-07,TCGA-AR-A1AU,tumor,BRCA
TCGA-C8-A26X-01A-31R-A16F-07,TCGA-C8-A26X,tumor,BRCA
TCGA-E9-A1QZ-01A-21R-A169-07,TCGA-E9-A1QZ,tumor,BRCA
TCGA-AO-A0JM-01A-21R-A056-07,TCGA-AO-A0JM,tumor,BRCA
TCGA-BH-A8FY-01A-11R-A36F-07,TCGA-BH-A8FY,tumor,BRCA
TCGA-AR-A0TX-01A-11R-A084-07,TCGA-AR-A0TX,tumor,BRCA
TCGA-B6-A0IO-01A-11R-A034-07,TCGA-B6-A0IO,tumor,BRCA
TCGA-A2-A0T7-01A-21R-A084-07,TCGA-A2-A0T7,tumor,BRCA
TCGA-A2-A04W-01A-31R-A115-07,TCGA-A2-A04W,tumor,BRCA
TCGA-E2-A14P-01A-31R-A12D-07,TCGA-E2-A14P,tumor,BRCA
TCGA-A8-A0A2-01A-11R-A034-07,TCGA-A8-A0A2,tumor,BRCA
TCGA-E9-A22D-01A-11R-A157-07,TCGA-E9-A22D,tumor,BRCA
TCGA-E2-A1IN-01A-11R-A13Q-07,TCGA-E2-A1IN,tumor,BRCA
TCGA-A8-A06X-01A-21R-A00Z-07,TCGA-A8-A06X,tumor,BRCA
TCGA-BH-A0RX-01A-21R-A084-07,TCGA-BH-A0RX,tumor,BRCA
TCGA-AR-A2LL-01A-11R-A180-07,TCGA-AR-A2LL,tumor,BRCA
TCGA-A2-A0ST-01A-12R-A084-07,TCGA-A2-A0ST,tumor,BRCA
TCGA-A7-A3RF-01A-11R-A22K-07,TCGA-A7-A3RF,tumor,BRCA
TCGA-A8-A095-01A-11R-A00Z-07,TCGA-A8-A095,tumor,BRCA
TCGA-AR-A0TP-01A-11R-A084-07,TCGA-AR-A0TP,tumor,BRCA
TCGA-AN-A0AK-01A-21R-A00Z-07,TCGA-AN-A0AK,tumor,BRCA
TCGA-D8-A1JK-01A-11R-A13Q-07,TCGA-D8-A1JK,tumor,BRCA
TCGA-E2-A15A-01A-11R-A12D-07,TCGA-E2-A15A,tumor,BRCA
TCGA-PL-A8LX-01A-11R-A41B-07,TCGA-PL-A8LX,tumor,BRCA
TCGA-E2-A14V-01A-11R-A12D-07,TCGA-E2-A14V,tumor,BRCA
TCGA-E9-A249-01A-11R-A169-07,TCGA-E9-A249,tumor,BRCA
TCGA-AN-A03Y-01A-21R-A00Z-07,TCGA-AN-A03Y,tumor,BRCA
TCGA-A2-A0D2-01A-21R-A034-07,TCGA-A2-A0D2,tumor,BRCA
TCGA-E2-A109-01A-11R-A10J-07,TCGA-E2-A109,tumor,BRCA
TCGA-AO-A1KT-01A-11R-A13Q-07,TCGA-AO-A1KT,tumor,BRCA
TCGA-B6-A0I2-01A-11R-A034-07,TCGA-B6-A0I2,tumor,BRCA
TCGA-AO-A03U-01B-21R-A10J-07,TCGA-AO-A03U,tumor,BRCA
TCGA-GM-A2DI-01A-31R-A18M-07,TCGA-GM-A2DI,tumor,BRCA
TCGA-BH-A0E2-01A-11R-A056-07,TCGA-BH-A0E2,tumor,BRCA
TCGA-B6-A0WS-01A-11R-A115-07,TCGA-B6-A0WS,tumor,BRCA
TCGA-WT-AB41-01A-11R-A41B-07,TCGA-WT-AB41,tumor,BRCA
TCGA-C8-A27A-01A-11R-A169-07,TCGA-C8-A27A,tumor,BRCA
TCGA-OL-A5D6-01A-21R-A27Q-07,TCGA-OL-A5D6,tumor,BRCA
TCGA-A2-A0CL-01A-11R-A115-07,TCGA-A2-A0CL,tumor,BRCA
TCGA-A2-A04Y-01A-21R-A034-07,TCGA-A2-A04Y,tumor,BRCA
TCGA-E9-A1R6-01A-11R-A14D-07,TCGA-E9-A1R6,tumor,BRCA
TCGA-A8-A08A-01A-11R-A32Y-07,TCGA-A8-A08A,tumor,BRCA
TCGA-LL-A5YP-01A-21R-A28M-07,TCGA-LL-A5YP,tumor,BRCA
TCGA-B6-A0X7-01A-11R-A10J-07,TCGA-B6-A0X7,tumor,BRCA
TCGA-A8-A0A6-01A-12R-A056-07,TCGA-A8-A0A6,tumor,BRCA
TCGA-AN-A0FS-01A-11R-A034-07,TCGA-AN-A0FS,tumor,BRCA
TCGA-LL-A50Y-01A-11R-A266-07,TCGA-LL-A50Y,tumor,BRCA
TCGA-AN-A04A-01A-21R-A034-07,TCGA-AN-A04A,tumor,BRCA
TCGA-A2-A3XT-01A-11R-A22U-07,TCGA-A2-A3XT,tumor,BRCA
TCGA-GM-A2DF-01A-11R-A180-07,TCGA-GM-A2DF,tumor,BRCA
TCGA-A2-A0T6-01A-11R-A084-07,TCGA-A2-A0T6,tumor,BRCA
TCGA-B6-A40C-01A-11R-A239-07,TCGA-B6-A40C,tumor,BRCA
TCGA-GM-A2DB-01A-31R-A18M-07,TCGA-GM-A2DB,tumor,BRCA
TCGA-A2-A0YF-01A-21R-A109-07,TCGA-A2-A0YF,tumor,BRCA
TCGA-E2-A15R-01A-11R-A115-07,TCGA-E2-A15R,tumor,BRCA
TCGA-AO-A03P-01A-11R-A00Z-07,TCGA-AO-A03P,tumor,BRCA
TCGA-BH-A0HL-01A-11R-A10U-07,TCGA-BH-A0HL,tumor,BRCA
TCGA-B6-A0RQ-01A-11R-A115-07,TCGA-B6-A0RQ,tumor,BRCA
TCGA-D8-A1JJ-01A-31R-A14M-07,TCGA-D8-A1JJ,tumor,BRCA
TCGA-E2-A15T-01A-11R-A115-07,TCGA-E2-A15T,tumor,BRCA
TCGA-3C-AALJ-01A-31R-A41B-07,TCGA-3C-AALJ,tumor,BRCA
TCGA-A2-A25B-01A-11R-A169-07,TCGA-A2-A25B,tumor,BRCA
TCGA-AR-A250-01A-31R-A169-07,TCGA-AR-A250,tumor,BRCA
TCGA-D8-A142-01A-11R-A115-07,TCGA-D8-A142,tumor,BRCA
TCGA-AC-A3QQ-01A-11R-A22K-07,TCGA-AC-A3QQ,tumor,BRCA
TCGA-A8-A090-01A-11R-A00Z-07,TCGA-A8-A090,tumor,BRCA
TCGA-BH-A0E9-01B-11R-A115-07,TCGA-BH-A0E9,tumor,BRCA
TCGA-5L-AAT0-01A-12R-A41B-07,TCGA-5L-AAT0,tumor,BRCA
TCGA-A2-A0EO-01A-11R-A034-07,TCGA-A2-A0EO,tumor,BRCA
TCGA-BH-A18F-01A-11R-A12D-07,TCGA-BH-A18F,tumor,BRCA
TCGA-EW-A1P5-01A-11R-A144-07,TCGA-EW-A1P5,tumor,BRCA
TCGA-AR-A0TR-01A-11R-A084-07,TCGA-AR-A0TR,tumor,BRCA
TCGA-B6-A0WT-01A-11R-A109-07,TCGA-B6-A0WT,tumor,BRCA
TCGA-A2-A1G4-01A-11R-A13Q-07,TCGA-A2-A1G4,tumor,BRCA
TCGA-C8-A12X-01A-11R-A115-07,TCGA-C8-A12X,tumor,BRCA
TCGA-A8-A08S-01A-11R-A034-07,TCGA-A8-A08S,tumor,BRCA
TCGA-AC-A2QJ-01A-12R-A19W-07,TCGA-AC-A2QJ,tumor,BRCA
TCGA-C8-A27B-01A-11R-A169-07,TCGA-C8-A27B,tumor,BRCA
TCGA-OL-A5S0-01A-11R-A28M-07,TCGA-OL-A5S0,tumor,BRCA
TCGA-BH-A0DS-01A-11R-A056-07,TCGA-BH-A0DS,tumor,BRCA
TCGA-AO-A0JD-01A-11R-A056-07,TCGA-AO-A0JD,tumor,BRCA
TCGA-EW-A1P1-01A-31R-A14D-07,TCGA-EW-A1P1,tumor,BRCA
TCGA-A2-A04R-01A-41R-A109-07,TCGA-A2-A04R,tumor,BRCA
TCGA-A2-A0YH-01A-11R-A109-07,TCGA-A2-A0YH,tumor,BRCA
TCGA-A1-A0SE-01A-11R-A084-07,TCGA-A1-A0SE,tumor,BRCA
TCGA-AR-A1AK-01A-21R-A12P-07,TCGA-AR-A1AK,tumor,BRCA
TCGA-AO-A12E-01A-11R-A10J-07,TCGA-AO-A12E,tumor,BRCA
TCGA-AR-A5QQ-01A-11R-A28M-07,TCGA-AR-A5QQ,tumor,BRCA
TCGA-AO-A12F-01A-11R-A115-07,TCGA-AO-A12F,tumor,BRCA
TCGA-B6-A0RE-01A-11R-A056-07,TCGA-B6-A0RE,tumor,BRCA
TCGA-BH-A0GY-01A-11R-A056-07,TCGA-BH-A0GY,tumor,BRCA
TCGA-BH-A6R8-01A-21R-A33J-07,TCGA-BH-A6R8,tumor,BRCA
TCGA-AC-A2BM-01A-11R-A21T-07,TCGA-AC-A2BM,tumor,BRCA
TCGA-A2-A4RX-01A-11R-A266-07,TCGA-A2-A4RX,tumor,BRCA
TCGA-LD-A66U-01A-11R-A31O-07,TCGA-LD-A66U,tumor,BRCA
TCGA-AC-A2FK-01A-12R-A180-07,TCGA-AC-A2FK,tumor,BRCA
TCGA-D8-A141-01A-11R-A115-07,TCGA-D8-A141,tumor,BRCA
TCGA-BH-A0AV-01A-31R-A115-07,TCGA-BH-A0AV,tumor,BRCA
TCGA-A8-A08G-01A-11R-A00Z-07,TCGA-A8-A08G,tumor,BRCA
TCGA-C8-A12W-01A-11R-A115-07,TCGA-C8-A12W,tumor,BRCA
TCGA-A2-A0YE-01A-11R-A109-07,TCGA-A2-A0YE,tumor,BRCA
TCGA-AO-A12A-01A-21R-A115-07,TCGA-AO-A12A,tumor,BRCA
TCGA-LD-A7W6-01A-81R-A352-07,TCGA-LD-A7W6,tumor,BRCA
TCGA-E2-A105-01A-11R-A10J-07,TCGA-E2-A105,tumor,BRCA
TCGA-A8-A0A9-01A-11R-A00Z-07,TCGA-A8-A0A9,tumor,BRCA
TCGA-AO-A03V-01A-11R-A115-07,TCGA-AO-A03V,tumor,BRCA
TCGA-A8-A093-01A-11R-A00Z-07,TCGA-A8-A093,tumor,BRCA
TCGA-D8-A3Z6-01A-11R-A239-07,TCGA-D8-A3Z6,tumor,BRCA
TCGA-BH-A0BD-01A-11R-A034-07,TCGA-BH-A0BD,tumor,BRCA
TCGA-AR-A24Z-01A-11R-A169-07,TCGA-AR-A24Z,tumor,BRCA
TCGA-A8-A09Q-01A-11R-A00Z-07,TCGA-A8-A09Q,tumor,BRCA
TCGA-EW-A1IZ-01A-11R-A13Q-07,TCGA-EW-A1IZ,tumor,BRCA
TCGA-AN-A0XU-01A-11R-A109-07,TCGA-AN-A0XU,tumor,BRCA
TCGA-OL-A5RV-01A-12R-A28M-07,TCGA-OL-A5RV,tumor,BRCA
TCGA-B6-A0RT-01A-21R-A084-07,TCGA-B6-A0RT,tumor,BRCA
TCGA-AQ-A04H-01B-11R-A10J-07,TCGA-AQ-A04H,tumor,BRCA
TCGA-EW-A1P6-01A-11R-A144-07,TCGA-EW-A1P6,tumor,BRCA
TCGA-AR-A5QP-01A-11R-A28M-07,TCGA-AR-A5QP,tumor,BRCA
TCGA-AN-A0AS-01A-11R-A00Z-07,TCGA-AN-A0AS,tumor,BRCA
TCGA-OL-A66K-01A-11R-A29R-07,TCGA-OL-A66K,tumor,BRCA
TCGA-5T-A9QA-01A-11R-A41B-07,TCGA-5T-A9QA,tumor,BRCA
TCGA-A7-A6VW-01A-21R-A33J-07,TCGA-A7-A6VW,tumor,BRCA
TCGA-BH-A0EB-01A-11R-A034-07,TCGA-BH-A0EB,tumor,BRCA
TCGA-AR-A2LH-01A-31R-A18M-07,TCGA-AR-A2LH,tumor,BRCA
TCGA-E9-A229-01A-31R-A157-07,TCGA-E9-A229,tumor,BRCA
TCGA-AQ-A54N-01A-11R-A266-07,TCGA-AQ-A54N,tumor,BRCA
TCGA-E2-A1IJ-01A-11R-A144-07,TCGA-E2-A1IJ,tumor,BRCA
TCGA-BH-A0WA-01A-11R-A109-07,TCGA-BH-A0WA,tumor,BRCA
TCGA-E2-A1B6-01A-31R-A12P-07,TCGA-E2-A1B6,tumor,BRCA
TCGA-BH-A1FL-01A-11R-A13Q-07,TCGA-BH-A1FL,tumor,BRCA
TCGA-LL-A5YO-01A-21R-A28M-07,TCGA-LL-A5YO,tumor,BRCA
TCGA-GM-A2DM-01A-11R-A180-07,TCGA-GM-A2DM,tumor,BRCA
TCGA-BH-A0C1-01B-11R-A12D-07,TCGA-BH-A0C1,tumor,BRCA
TCGA-BH-A2L8-01A-11R-A18M-07,TCGA-BH-A2L8,tumor,BRCA
TCGA-EW-A1OZ-01A-11R-A144-07,TCGA-EW-A1OZ,tumor,BRCA
TCGA-LD-A7W5-01A-22R-A352-07,TCGA-LD-A7W5,tumor,BRCA
TCGA-AR-A254-01A-21R-A169-07,TCGA-AR-A254,tumor,BRCA
TCGA-A8-A09R-01A-11R-A00Z-07,TCGA-A8-A09R,tumor,BRCA
TCGA-AO-A0J2-01A-11R-A034-07,TCGA-AO-A0J2,tumor,BRCA
TCGA-E2-A10B-01A-11R-A10J-07,TCGA-E2-A10B,tumor,BRCA
TCGA-A8-A094-01A-11R-A00Z-07,TCGA-A8-A094,tumor,BRCA
TCGA-A2-A0YC-01A-11R-A109-07,TCGA-A2-A0YC,tumor,BRCA
TCGA-A7-A4SE-01A-11R-A266-07,TCGA-A7-A4SE,tumor,BRCA
TCGA-AN-A0FJ-01A-11R-A00Z-07,TCGA-AN-A0FJ,tumor,BRCA
TCGA-PL-A8LY-01A-11R-A41B-07,TCGA-PL-A8LY,tumor,BRCA
TCGA-E9-A1R5-01A-11R-A14M-07,TCGA-E9-A1R5,tumor,BRCA
TCGA-B6-A1KC-01B-11R-A157-07,TCGA-B6-A1KC,tumor,BRCA
TCGA-EW-A6SB-01A-12R-A32P-07,TCGA-EW-A6SB,tumor,BRCA
TCGA-AN-A0XS-01A-22R-A109-07,TCGA-AN-A0XS,tumor,BRCA
TCGA-A7-A26H-01A-11R-A169-07,TCGA-A7-A26H,tumor,BRCA
TCGA-BH-A0HF-01A-11R-A056-07,TCGA-BH-A0HF,tumor,BRCA
TCGA-AN-A0FY-01A-11R-A034-07,TCGA-AN-A0FY,tumor,BRCA
TCGA-C8-A12Z-01A-11R-A115-07,TCGA-C8-A12Z,tumor,BRCA
TCGA-AR-A24Q-01A-12R-A169-07,TCGA-AR-A24Q,tumor,BRCA
TCGA-3C-AAAU-01A-11R-A41B-07,TCGA-3C-AAAU,tumor,BRCA
TCGA-AN-A0XO-01A-11R-A109-07,TCGA-AN-A0XO,tumor,BRCA
TCGA-D8-A27I-01A-11R-A16F-07,TCGA-D8-A27I,tumor,BRCA
TCGA-BH-A0H3-01A-11R-A12P-07,TCGA-BH-A0H3,tumor,BRCA
TCGA-GM-A2DN-01A-11R-A180-07,TCGA-GM-A2DN,tumor,BRCA
TCGA-BH-A0DE-01A-11R-A115-07,TCGA-BH-A0DE,tumor,BRCA
TCGA-E2-A1IF-01A-11R-A144-07,TCGA-E2-A1IF,tumor,BRCA
TCGA-C8-A12Q-01A-11R-A115-07,TCGA-C8-A12Q,tumor,BRCA
TCGA-A8-A07C-01A-11R-A034-07,TCGA-A8-A07C,tumor,BRCA
TCGA-A7-A0CG-01A-12R-A056-07,TCGA-A7-A0CG,tumor,BRCA
TCGA-C8-A3M8-01A-11R-A213-07,TCGA-C8-A3M8,tumor,BRCA
TCGA-C8-A12P-01A-11R-A115-07,TCGA-C8-A12P,tumor,BRCA
TCGA-GM-A2DH-01A-11R-A180-07,TCGA-GM-A2DH,tumor,BRCA
TCGA-A2-A0YT-01A-11R-A109-07,TCGA-A2-A0YT,tumor,BRCA
TCGA-LL-A73Y-01A-11R-A33J-07,TCGA-LL-A73Y,tumor,BRCA
TCGA-A8-A07R-01A-21R-A034-07,TCGA-A8-A07R,tumor,BRCA
TCGA-AC-A62Y-01A-11R-A29R-07,TCGA-AC-A62Y,tumor,BRCA
TCGA-EW-A6SC-01A-12R-A32P-07,TCGA-EW-A6SC,tumor,BRCA
TCGA-A2-A0SX-01A-12R-A084-07,TCGA-A2-A0SX,tumor,BRCA
TCGA-AN-A04C-01A-21R-A034-07,TCGA-AN-A04C,tumor,BRCA
TCGA-A7-A0CE-11A-21R-A089-07,TCGA-A7-A0CE,normal,BRCA
TCGA-A7-A0CH-11A-32R-A089-07,TCGA-A7-A0CH,normal,BRCA
TCGA-A7-A0D9-11A-53R-A089-07,TCGA-A7-A0D9,normal,BRCA
TCGA-A7-A0DB-11A-33R-A089-07,TCGA-A7-A0DB,normal,BRCA
TCGA-A7-A13E-11A-61R-A12P-07,TCGA-A7-A13E,normal,BRCA
TCGA-A7-A13F-11A-42R-A12P-07,TCGA-A7-A13F,normal,BRCA
TCGA-A7-A13G-11A-51R-A13Q-07,TCGA-A7-A13G,normal,BRCA
TCGA-AC-A23H-11A-12R-A157-07,TCGA-AC-A23H,normal,BRCA
TCGA-AC-A2FB-11A-13R-A17B-07,TCGA-AC-A2FB,normal,BRCA
TCGA-AC-A2FF-11A-13R-A17B-07,TCGA-AC-A2FF,normal,BRCA
TCGA-AC-A2FM-11B-32R-A19W-07,TCGA-AC-A2FM,normal,BRCA
TCGA-BH-A0AU-11A-11R-A12P-07,TCGA-BH-A0AU,normal,BRCA
TCGA-BH-A0AY-11A-23R-A089-07,TCGA-BH-A0AY,normal,BRCA
TCGA-BH-A0AZ-11A-22R-A12P-07,TCGA-BH-A0AZ,normal,BRCA
TCGA-BH-A0B3-11B-21R-A089-07,TCGA-BH-A0B3,normal,BRCA
TCGA-BH-A0B5-11A-23R-A12P-07,TCGA-BH-A0B5,normal,BRCA
TCGA-BH-A0B7-11A-34R-A115-07,TCGA-BH-A0B7,normal,BRCA
TCGA-BH-A0B8-11A-41R-A089-07,TCGA-BH-A0B8,normal,BRCA
TCGA-BH-A0BA-11A-22R-A19E-07,TCGA-BH-A0BA,normal,BRCA
TCGA-BH-A0BC-11A-22R-A089-07,TCGA-BH-A0BC,normal,BRCA
TCGA-BH-A0BJ-11A-23R-A089-07,TCGA-BH-A0BJ,normal,BRCA
TCGA-BH-A0BM-11A-12R-A089-07,TCGA-BH-A0BM,normal,BRCA
TCGA-BH-A0BQ-11A-33R-A115-07,TCGA-BH-A0BQ,normal,BRCA
TCGA-BH-A0BS-11A-11R-A12P-07,TCGA-BH-A0BS,normal,BRCA
TCGA-BH-A0BT-11A-21R-A12P-07,TCGA-BH-A0BT,normal,BRCA
TCGA-BH-A0BV-11A-31R-A089-07,TCGA-BH-A0BV,normal,BRCA
TCGA-BH-A0BW-11A-12R-A115-07,TCGA-BH-A0BW,normal,BRCA
TCGA-BH-A0BZ-11A-61R-A12P-07,TCGA-BH-A0BZ,normal,BRCA
TCGA-BH-A0C0-11A-21R-A089-07,TCGA-BH-A0C0,normal,BRCA
TCGA-BH-A0C3-11A-23R-A12P-07,TCGA-BH-A0C3,normal,BRCA
TCGA-BH-A0DD-11A-23R-A12P-07,TCGA-BH-A0DD,normal,BRCA
TCGA-BH-A0DG-11A-43R-A12P-07,TCGA-BH-A0DG,normal,BRCA
TCGA-BH-A0DH-11A-31R-A089-07,TCGA-BH-A0DH,normal,BRCA
TCGA-BH-A0DK-11A-13R-A089-07,TCGA-BH-A0DK,normal,BRCA
TCGA-BH-A0DL-11A-13R-A115-07,TCGA-BH-A0DL,normal,BRCA
TCGA-BH-A0DO-11A-22R-A12D-07,TCGA-BH-A0DO,normal,BRCA
TCGA-BH-A0DP-11A-12R-A089-07,TCGA-BH-A0DP,normal,BRCA
TCGA-BH-A0DQ-11A-12R-A089-07,TCGA-BH-A0DQ,normal,BRCA
TCGA-BH-A0DT-11A-12R-A12D-07,TCGA-BH-A0DT,normal,BRCA
TCGA-BH-A0DV-11A-22R-A12P-07,TCGA-BH-A0DV,normal,BRCA
TCGA-BH-A0DZ-11A-22R-A089-07,TCGA-BH-A0DZ,normal,BRCA
TCGA-BH-A0E0-11A-13R-A089-07,TCGA-BH-A0E0,normal,BRCA
TCGA-BH-A0E1-11A-13R-A089-07,TCGA-BH-A0E1,normal,BRCA
TCGA-BH-A0H5-11A-62R-A115-07,TCGA-BH-A0H5,normal,BRCA
TCGA-BH-A0H7-11A-13R-A089-07,TCGA-BH-A0H7,normal,BRCA
TCGA-BH-A0H9-11A-22R-A466-07,TCGA-BH-A0H9,normal,BRCA
TCGA-BH-A0HA-11A-31R-A12P-07,TCGA-BH-A0HA,normal,BRCA
TCGA-BH-A0HK-11A-11R-A089-07,TCGA-BH-A0HK,normal,BRCA
TCGA-BH-A18J-11A-31R-A12D-07,TCGA-BH-A18J,normal,BRCA
TCGA-BH-A18K-11A-13R-A12D-07,TCGA-BH-A18K,normal,BRCA
TCGA-BH-A18L-11A-42R-A12D-07,TCGA-BH-A18L,normal,BRCA
TCGA-BH-A18M-11A-33R-A12D-07,TCGA-BH-A18M,normal,BRCA
TCGA-BH-A18N-11A-43R-A12D-07,TCGA-BH-A18N,normal,BRCA
TCGA-BH-A18P-11A-43R-A12D-07,TCGA-BH-A18P,normal,BRCA
TCGA-BH-A18Q-11A-34R-A12D-07,TCGA-BH-A18Q,normal,BRCA
TCGA-BH-A18R-11A-42R-A12D-07,TCGA-BH-A18R,normal,BRCA
TCGA-BH-A18S-11A-43R-A12D-07,TCGA-BH-A18S,normal,BRCA
TCGA-BH-A18U-11A-23R-A12D-07,TCGA-BH-A18U,normal,BRCA
TCGA-BH-A18V-11A-52R-A12D-07,TCGA-BH-A18V,normal,BRCA
TCGA-BH-A1EN-11A-23R-A13Q-07,TCGA-BH-A1EN,normal,BRCA
TCGA-BH-A1EO-11A-31R-A137-07,TCGA-BH-A1EO,normal,BRCA
TCGA-BH-A1ET-11B-23R-A137-07,TCGA-BH-A1ET,normal,BRCA
TCGA-BH-A1EU-11A-23R-A137-07,TCGA-BH-A1EU,normal,BRCA
TCGA-BH-A1EV-11A-24R-A137-07,TCGA-BH-A1EV,normal,BRCA
TCGA-BH-A1EW-11B-33R-A137-07,TCGA-BH-A1EW,normal,BRCA
TCGA-BH-A1F0-11B-23R-A137-07,TCGA-BH-A1F0,normal,BRCA
TCGA-BH-A1F2-11A-32R-A13Q-07,TCGA-BH-A1F2,normal,BRCA
TCGA-BH-A1F6-11B-94R-A13Q-07,TCGA-BH-A1F6,normal,BRCA
TCGA-BH-A1F8-11B-21R-A13Q-07,TCGA-BH-A1F8,normal,BRCA
TCGA-BH-A1FB-11A-33R-A13Q-07,TCGA-BH-A1FB,normal,BRCA
TCGA-BH-A1FC-11A-32R-A13Q-07,TCGA-BH-A1FC,normal,BRCA
TCGA-BH-A1FD-11B-21R-A13Q-07,TCGA-BH-A1FD,normal,BRCA
TCGA-BH-A1FE-11B-14R-A13Q-07,TCGA-BH-A1FE,normal,BRCA
TCGA-BH-A1FG-11B-12R-A13Q-07,TCGA-BH-A1FG,normal,BRCA
TCGA-BH-A1FH-11B-42R-A13Q-07,TCGA-BH-A1FH,normal,BRCA
TCGA-BH-A1FJ-11B-42R-A13Q-07,TCGA-BH-A1FJ,normal,BRCA
TCGA-BH-A1FM-11B-23R-A13Q-07,TCGA-BH-A1FM,normal,BRCA
TCGA-BH-A1FN-11A-34R-A13Q-07,TCGA-BH-A1FN,normal,BRCA
TCGA-BH-A1FR-11B-42R-A13Q-07,TCGA-BH-A1FR,normal,BRCA
TCGA-BH-A1FU-11A-23R-A14D-07,TCGA-BH-A1FU,normal,BRCA
TCGA-BH-A203-11A-42R-A169-07,TCGA-BH-A203,normal,BRCA
TCGA-BH-A204-11A-53R-A157-07,TCGA-BH-A204,normal,BRCA
TCGA-BH-A208-11A-51R-A157-07,TCGA-BH-A208,normal,BRCA
TCGA-BH-A209-11A-42R-A157-07,TCGA-BH-A209,normal,BRCA
TCGA-E2-A153-11A-31R-A12D-07,TCGA-E2-A153,normal,BRCA
TCGA-E2-A158-11A-22R-A12D-07,TCGA-E2-A158,normal,BRCA
TCGA-E2-A15I-11A-32R-A137-07,TCGA-E2-A15I,normal,BRCA
TCGA-E2-A15K-11A-13R-A12P-07,TCGA-E2-A15K,normal,BRCA
TCGA-E2-A15M-11A-22R-A12D-07,TCGA-E2-A15M,normal,BRCA
TCGA-E2-A1BC-11A-32R-A12P-07,TCGA-E2-A1BC,normal,BRCA
TCGA-E2-A1IG-11A-22R-A144-07,TCGA-E2-A1IG,normal,BRCA
TCGA-E2-A1L7-11A-33R-A144-07,TCGA-E2-A1L7,normal,BRCA
TCGA-E2-A1LB-11A-22R-A144-07,TCGA-E2-A1LB,normal,BRCA
TCGA-E2-A1LH-11A-22R-A14D-07,TCGA-E2-A1LH,normal,BRCA
TCGA-E2-A1LS-11A-32R-A157-07,TCGA-E2-A1LS,normal,BRCA
TCGA-E9-A1N4-11A-33R-A14M-07,TCGA-E9-A1N4,normal,BRCA
TCGA-E9-A1N5-11A-41R-A14D-07,TCGA-E9-A1N5,normal,BRCA
TCGA-E9-A1N6-11A-32R-A144-07,TCGA-E9-A1N6,normal,BRCA
TCGA-E9-A1N9-11A-71R-A14D-07,TCGA-E9-A1N9,normal,BRCA
TCGA-E9-A1NA-11A-33R-A144-07,TCGA-E9-A1NA,normal,BRCA
TCGA-E9-A1ND-11A-43R-A144-07,TCGA-E9-A1ND,normal,BRCA
TCGA-E9-A1NF-11A-73R-A14D-07,TCGA-E9-A1NF,normal,BRCA
TCGA-E9-A1NG-11A-52R-A14M-07,TCGA-E9-A1NG,normal,BRCA
TCGA-E9-A1R7-11A-42R-A14M-07,TCGA-E9-A1R7,normal,BRCA
TCGA-E9-A1RB-11A-33R-A157-07,TCGA-E9-A1RB,normal,BRCA
TCGA-E9-A1RC-11A-33R-A157-07,TCGA-E9-A1RC,normal,BRCA
TCGA-E9-A1RD-11A-33R-A157-07,TCGA-E9-A1RD,normal,BRCA
TCGA-E9-A1RF-11A-32R-A157-07,TCGA-E9-A1RF,normal,BRCA
TCGA-E9-A1RH-11A-34R-A169-07,TCGA-E9-A1RH,normal,BRCA
TCGA-E9-A1RI-11A-41R-A169-07,TCGA-E9-A1RI,normal,BRCA
TCGA-GI-A2C8-11A-22R-A16F-07,TCGA-GI-A2C8,normal,BRCA
TCGA-GI-A2C9-11A-22R-A21T-07,TCGA-GI-A2C9,normal,BRCA
TCGA-A6-2675-01A-02R-1723-07,TCGA-A6-2675,tumor,COAD
TCGA-A6-2682-01A-01R-1410-07,TCGA-A6-2682,tumor,COAD
TCGA-A6-2684-01A-01R-1410-07,TCGA-A6-2684,tumor,COAD
TCGA-A6-2685-01A-01R-1410-07,TCGA-A6-2685,tumor,COAD
TCGA-A6-2686-01A-01R-A32Z-07,TCGA-A6-2686,tumor,COAD
TCGA-A6-5659-01A-01R-1653-07,TCGA-A6-5659,tumor,COAD
TCGA-A6-5662-01A-01R-1653-07,TCGA-A6-5662,tumor,COAD
TCGA-A6-5665-01A-01R-1653-07,TCGA-A6-5665,tumor,COAD
TCGA-A6-5667-01A-21R-1723-07,TCGA-A6-5667,tumor,COAD
TCGA-AA-3489-01A-21R-1839-07,TCGA-AA-3489,tumor,COAD
TCGA-AA-3496-01A-21R-1839-07,TCGA-AA-3496,tumor,COAD
TCGA-AA-3511-01A-21R-1839-07,TCGA-AA-3511,tumor,COAD
TCGA-AA-3655-01A-02R-1723-07,TCGA-AA-3655,tumor,COAD
TCGA-AA-3660-01A-01R-1723-07,TCGA-AA-3660,tumor,COAD
TCGA-AA-3662-01A-01R-1723-07,TCGA-AA-3662,tumor,COAD
TCGA-AA-3663-01A-01R-1723-07,TCGA-AA-3663,tumor,COAD
TCGA-AA-3697-01A-01R-1723-07,TCGA-AA-3697,tumor,COAD
TCGA-AA-3712-01A-21R-1723-07,TCGA-AA-3712,tumor,COAD
TCGA-AA-3713-01A-21R-1723-07,TCGA-AA-3713,tumor,COAD
TCGA-AZ-6598-01A-11R-1774-07,TCGA-AZ-6598,tumor,COAD
TCGA-AZ-6599-01A-11R-1774-07,TCGA-AZ-6599,tumor,COAD
TCGA-AZ-6600-01A-11R-1774-07,TCGA-AZ-6600,tumor,COAD
TCGA-AZ-6601-01A-11R-1774-07,TCGA-AZ-6601,tumor,COAD
TCGA-AZ-6603-01A-11R-1839-07,TCGA-AZ-6603,tumor,COAD
TCGA-AZ-6605-01A-11R-1839-07,TCGA-AZ-6605,tumor,COAD
TCGA-F4-6704-01A-11R-1839-07,TCGA-F4-6704,tumor,COAD
TCGA-AY-6196-01A-11R-1723-07,TCGA-AY-6196,tumor,COAD
TCGA-AA-A01Z-01A-11R-A083-07,TCGA-AA-A01Z,tumor,COAD
TCGA-A6-5656-01A-21R-1839-07,TCGA-A6-5656,tumor,COAD
TCGA-AZ-4313-01A-01R-1410-07,TCGA-AZ-4313,tumor,COAD
TCGA-CM-6676-01A-11R-1839-07,TCGA-CM-6676,tumor,COAD
TCGA-CK-5915-01A-11R-1653-07,TCGA-CK-5915,tumor,COAD
TCGA-F4-6806-01A-11R-1839-07,TCGA-F4-6806,tumor,COAD
TCGA-G4-6317-01A-11R-1723-07,TCGA-G4-6317,tumor,COAD
TCGA-CM-6163-01A-11R-1653-07,TCGA-CM-6163,tumor,COAD
TCGA-F4-6856-01A-11R-1928-07,TCGA-F4-6856,tumor,COAD
TCGA-AZ-6607-01A-11R-1839-07,TCGA-AZ-6607,tumor,COAD
TCGA-A6-A56B-01A-31R-A28H-07,TCGA-A6-A56B,tumor,COAD
TCGA-QG-A5YW-01A-11R-A28H-07,TCGA-QG-A5YW,tumor,COAD
TCGA-AY-6386-01A-21R-1723-07,TCGA-AY-6386,tumor,COAD
TCGA-AA-A02K-01A-03R-A32Y-07,TCGA-AA-A02K,tumor,COAD
TCGA-CK-6748-01A-11R-1839-07,TCGA-CK-6748,tumor,COAD
TCGA-5M-AATA-01A-31R-A41B-07,TCGA-5M-AATA,tumor,COAD
TCGA-A6-A565-01A-31R-A28H-07,TCGA-A6-A565,tumor,COAD
TCGA-CK-5912-01A-11R-1653-07,TCGA-CK-5912,tumor,COAD
TCGA-AD-6901-01A-11R-1928-07,TCGA-AD-6901,tumor,COAD
TCGA-A6-6652-01A-11R-1774-07,TCGA-A6-6652,tumor,COAD
TCGA-DM-A1D6-01A-21R-A155-07,TCGA-DM-A1D6,tumor,COAD
TCGA-F4-6805-01A-11R-1839-07,TCGA-F4-6805,tumor,COAD
TCGA-DM-A1D8-01A-11R-A155-07,TCGA-DM-A1D8,tumor,COAD
TCGA-D5-6929-01A-31R-1928-07,TCGA-D5-6929,tumor,COAD
TCGA-A6-6137-01A-11R-1774-07,TCGA-A6-6137,tumor,COAD
TCGA-CM-6170-01A-11R-1653-07,TCGA-CM-6170,tumor,COAD
TCGA-G4-6314-01A-11R-1723-07,TCGA-G4-6314,tumor,COAD
TCGA-G4-6626-01A-11R-1774-07,TCGA-G4-6626,tumor,COAD
TCGA-D5-5538-01A-01R-1653-07,TCGA-D5-5538,tumor,COAD
TCGA-A6-6142-01A-11R-1774-07,TCGA-A6-6142,tumor,COAD
TCGA-D5-6534-01A-21R-1928-07,TCGA-D5-6534,tumor,COAD
TCGA-AY-6197-01A-11R-1723-07,TCGA-AY-6197,tumor,COAD
TCGA-F4-6461-01A-11R-1774-07,TCGA-F4-6461,tumor,COAD
TCGA-A6-5657-01A-01R-A32Z-07,TCGA-A6-5657,tumor,COAD
TCGA-CK-6751-01A-11R-1839-07,TCGA-CK-6751,tumor,COAD
TCGA-AD-A5EK-01A-11R-A28H-07,TCGA-AD-A5EK,tumor,COAD
TCGA-CM-5862-01A-01R-1653-07,TCGA-CM-5862,tumor,COAD
TCGA-CA-6716-01A-11R-1839-07,TCGA-CA-6716,tumor,COAD
TCGA-A6-6653-01A-11R-1774-07,TCGA-A6-6653,tumor,COAD
TCGA-AZ-4323-01A-21R-1839-07,TCGA-AZ-4323,tumor,COAD
TCGA-A6-6141-01A-11R-1774-07,TCGA-A6-6141,tumor,COAD
TCGA-D5-6530-01A-11R-1723-07,TCGA-D5-6530,tumor,COAD
TCGA-NH-A50U-01A-33R-A37K-07,TCGA-NH-A50U,tumor,COAD
TCGA-DM-A28A-01A-21R-A32Y-07,TCGA-DM-A28A,tumor,COAD
TCGA-DM-A1D0-01A-11R-A155-07,TCGA-DM-A1D0,tumor,COAD
TCGA-T9-A92H-01A-11R-A37K-07,TCGA-T9-A92H,tumor,COAD
TCGA-DM-A1HB-01A-21R-A180-07,TCGA-DM-A1HB,tumor,COAD
TCGA-DM-A1HA-01A-11R-A155-07,TCGA-DM-A1HA,tumor,COAD
TCGA-CA-5797-01A-01R-1653-07,TCGA-CA-5797,tumor,COAD
TCGA-D5-6926-01A-11R-1928-07,TCGA-D5-6926,tumor,COAD
TCGA-A6-6138-01A-11R-1774-07,TCGA-A6-6138,tumor,COAD
TCGA-F4-6855-01A-11R-1928-07,TCGA-F4-6855,tumor,COAD
TCGA-CM-6680-01A-11R-1839-07,TCGA-CM-6680,tumor,COAD
TCGA-CM-5348-01A-21R-1723-07,TCGA-CM-5348,tumor,COAD
TCGA-AZ-4615-01A-01R-1410-07,TCGA-AZ-4615,tumor,COAD
TCGA-DM-A1D9-01A-11R-A155-07,TCGA-DM-A1D9,tumor,COAD
TCGA-AA-3506-01A-01R-1410-07,TCGA-AA-3506,tumor,COAD
TCGA-CM-6678-01A-11R-1839-07,TCGA-CM-6678,tumor,COAD
TCGA-G4-6625-01A-21R-1774-07,TCGA-G4-6625,tumor,COAD
TCGA-G4-6315-01A-11R-1723-07,TCGA-G4-6315,tumor,COAD
TCGA-QG-A5YX-01A-11R-A28H-07,TCGA-QG-A5YX,tumor,COAD
TCGA-AZ-5407-01A-01R-1723-07,TCGA-AZ-5407,tumor,COAD
TCGA-G4-6310-01A-11R-1723-07,TCGA-G4-6310,tumor,COAD
TCGA-CM-4744-01A-01R-A32Z-07,TCGA-CM-4744,tumor,COAD
TCGA-NH-A6GB-01A-11R-A37K-07,TCGA-NH-A6GB,tumor,COAD
TCGA-CK-4948-01B-11R-1653-07,TCGA-CK-4948,tumor,COAD
TCGA-D5-6924-01A-11R-1928-07,TCGA-D5-6924,tumor,COAD
TCGA-CA-5254-01A-21R-1839-07,TCGA-CA-5254,tumor,COAD
TCGA-NH-A6GC-01A-12R-A41B-07,TCGA-NH-A6GC,tumor,COAD
TCGA-D5-6529-01A-11R-1774-07,TCGA-D5-6529,tumor,COAD
TCGA-QG-A5Z1-01A-11R-A28H-07,TCGA-QG-A5Z1,tumor,COAD
TCGA-DM-A0XF-01A-11R-A155-07,TCGA-DM-A0XF,tumor,COAD
TCGA-AZ-4682-01B-01R-A32Z-07,TCGA-AZ-4682,tumor,COAD
TCGA-CM-6679-01A-11R-1839-07,TCGA-CM-6679,tumor,COAD
TCGA-AY-A54L-01A-11R-A28H-07,TCGA-AY-A54L,tumor,COAD
TCGA-4T-AA8H-01A-11R-A41B-07,TCGA-4T-AA8H,tumor,COAD
TCGA-CM-5860-01A-01R-1653-07,TCGA-CM-5860,tumor,COAD
TCGA-D5-6928-01A-11R-1928-07,TCGA-D5-6928,tumor,COAD
TCGA-D5-6922-01A-11R-1928-07,TCGA-D5-6922,tumor,COAD
TCGA-DM-A28H-01A-11R-A16W-07,TCGA-DM-A28H,tumor,COAD
TCGA-CK-4947-01B-11R-1653-07,TCGA-CK-4947,tumor,COAD
TCGA-QG-A5YV-01A-11R-A28H-07,TCGA-QG-A5YV,tumor,COAD
TCGA-DM-A28F-01A-11R-A32Y-07,TCGA-DM-A28F,tumor,COAD
TCGA-A6-6782-01A-11R-1839-07,TCGA-A6-6782,tumor,COAD
TCGA-DM-A28G-01A-11R-A16W-07,TCGA-DM-A28G,tumor,COAD
TCGA-RU-A8FL-01A-11R-A37K-07,TCGA-RU-A8FL,tumor,COAD
TCGA-G4-6320-01A-11R-1723-07,TCGA-G4-6320,tumor,COAD
TCGA-F4-6703-01A-11R-1839-07,TCGA-F4-6703,tumor,COAD
TCGA-5M-AAT6-01A-11R-A41B-07,TCGA-5M-AAT6,tumor,COAD
TCGA-AD-6963-01A-11R-1928-07,TCGA-AD-6963,tumor,COAD
TCGA-CM-6675-01A-11R-1839-07,TCGA-CM-6675,tumor,COAD
TCGA-D5-6540-01A-11R-1723-07,TCGA-D5-6540,tumor,COAD
TCGA-CM-6164-01A-11R-1653-07,TCGA-CM-6164,tumor,COAD
TCGA-AY-5543-01A-01R-1653-07,TCGA-AY-5543,tumor,COAD
TCGA-D5-5537-01A-21R-1928-07,TCGA-D5-5537,tumor,COAD
TCGA-AZ-6608-01A-11R-1839-07,TCGA-AZ-6608,tumor,COAD
TCGA-G4-6307-01A-11R-1723-07,TCGA-G4-6307,tumor,COAD
TCGA-D5-6537-01A-11R-1723-07,TCGA-D5-6537,tumor,COAD
TCGA-A6-A566-01A-11R-A28H-07,TCGA-A6-A566,tumor,COAD
TCGA-A6-5661-01A-01R-1653-07,TCGA-A6-5661,tumor,COAD
TCGA-AA-3492-01A-01R-1410-07,TCGA-AA-3492,tumor,COAD
TCGA-A6-6781-01A-22R-1928-07,TCGA-A6-6781,tumor,COAD
TCGA-AA-3685-01A-02R-A32Z-07,TCGA-AA-3685,tumor,COAD
TCGA-CM-5863-01A-21R-1839-07,TCGA-CM-5863,tumor,COAD
TCGA-CM-4751-01A-02R-1839-07,TCGA-CM-4751,tumor,COAD
TCGA-A6-6650-01A-11R-1774-07,TCGA-A6-6650,tumor,COAD
TCGA-DM-A1DA-01A-11R-A155-07,TCGA-DM-A1DA,tumor,COAD
TCGA-CA-6717-01A-11R-1839-07,TCGA-CA-6717,tumor,COAD
TCGA-DM-A1D4-01A-21R-A155-07,TCGA-DM-A1D4,tumor,COAD
TCGA-CM-5344-01A-21R-1723-07,TCGA-CM-5344,tumor,COAD
TCGA-AD-6889-01A-11R-1928-07,TCGA-AD-6889,tumor,COAD
TCGA-CM-4747-01A-01R-1410-07,TCGA-CM-4747,tumor,COAD
TCGA-CM-6162-01A-11R-1653-07,TCGA-CM-6162,tumor,COAD
TCGA-CA-6719-01A-11R-1839-07,TCGA-CA-6719,tumor,COAD
TCGA-D5-6532-01A-11R-1723-07,TCGA-D5-6532,tumor,COAD
TCGA-F4-6808-01A-11R-1839-07,TCGA-F4-6808,tumor,COAD
TCGA-AZ-4614-01A-01R-1410-07,TCGA-AZ-4614,tumor,COAD
TCGA-AA-3675-01A-02R-0905-07,TCGA-AA-3675,tumor,COAD
TCGA-CM-6165-01A-11R-1653-07,TCGA-CM-6165,tumor,COAD
TCGA-D5-6541-01A-11R-1723-07,TCGA-D5-6541,tumor,COAD
TCGA-AZ-4616-01A-21R-1839-07,TCGA-AZ-4616,tumor,COAD
TCGA-D5-6536-01A-11R-1723-07,TCGA-D5-6536,tumor,COAD
TCGA-A6-6654-01A-21R-1839-07,TCGA-A6-6654,tumor,COAD
TCGA-QG-A5Z2-01A-11R-A28H-07,TCGA-QG-A5Z2,tumor,COAD
TCGA-D5-7000-01A-11R-A32Z-07,TCGA-D5-7000,tumor,COAD
TCGA-CM-5861-01A-01R-1653-07,TCGA-CM-5861,tumor,COAD
TCGA-DM-A28M-01A-12R-A16W-07,TCGA-DM-A28M,tumor,COAD
TCGA-D5-5539-01A-01R-1653-07,TCGA-D5-5539,tumor,COAD
TCGA-3L-AA1B-01A-11R-A37K-07,TCGA-3L-AA1B,tumor,COAD
TCGA-F4-6809-01A-11R-1839-07,TCGA-F4-6809,tumor,COAD
TCGA-CK-4952-01A-01R-1723-07,TCGA-CK-4952,tumor,COAD
TCGA-G4-6323-01A-11R-1723-07,TCGA-G4-6323,tumor,COAD
TCGA-DM-A1DB-01A-11R-A155-07,TCGA-DM-A1DB,tumor,COAD
TCGA-CK-4950-01A-01R-1723-07,TCGA-CK-4950,tumor,COAD
TCGA-AA-3495-01A-01R-1410-07,TCGA-AA-3495,tumor,COAD
TCGA-AM-5820-01A-01R-1653-07,TCGA-AM-5820,tumor,COAD
TCGA-D5-6931-01A-11R-1928-07,TCGA-D5-6931,tumor,COAD
TCGA-A6-2671-11A-01R-A32Z-07,TCGA-A6-2671,normal,COAD
TCGA-A6-2675-11A-01R-1723-07,TCGA-A6-2675,normal,COAD
TCGA-A6-2678-11A-01R-A32Z-07,TCGA-A6-2678,normal,COAD
TCGA-A6-2679-11A-01R-A32Z-07,TCGA-A6-2679,normal,COAD
TCGA-A6-2680-11A-01R-A32Z-07,TCGA-A6-2680,normal,COAD
TCGA-A6-2682-11A-01R-A32Z-07,TCGA-A6-2682,normal,COAD
TCGA-A6-2683-11A-01R-A32Z-07,TCGA-A6-2683,normal,COAD
TCGA-A6-2684-11A-01R-A32Z-07,TCGA-A6-2684,normal,COAD
TCGA-A6-2685-11A-01R-A32Z-07,TCGA-A6-2685,normal,COAD
TCGA-A6-2686-11A-01R-A32Z-07,TCGA-A6-2686,normal,COAD
TCGA-A6-5659-11A-01R-1653-07,TCGA-A6-5659,normal,COAD
TCGA-A6-5662-11A-01R-1653-07,TCGA-A6-5662,normal,COAD
TCGA-A6-5665-11A-01R-1653-07,TCGA-A6-5665,normal,COAD
TCGA-A6-5667-11A-01R-1723-07,TCGA-A6-5667,normal,COAD
TCGA-AA-3489-11A-01R-1839-07,TCGA-AA-3489,normal,COAD
TCGA-AA-3496-11A-01R-1839-07,TCGA-AA-3496,normal,COAD
TCGA-AA-3511-11A-01R-1839-07,TCGA-AA-3511,normal,COAD
TCGA-AA-3514-11A-01R-A32Z-07,TCGA-AA-3514,normal,COAD
TCGA-AA-3516-11A-01R-A32Z-07,TCGA-AA-3516,normal,COAD
TCGA-AA-3517-11A-01R-A32Z-07,TCGA-AA-3517,normal,COAD
TCGA-AA-3518-11A-01R-1672-07,TCGA-AA-3518,normal,COAD
TCGA-AA-3520-11A-01R-A32Z-07,TCGA-AA-3520,normal,COAD
TCGA-AA-3522-11A-01R-A32Z-07,TCGA-AA-3522,normal,COAD
TCGA-AA-3525-11A-01R-A32Z-07,TCGA-AA-3525,normal,COAD
TCGA-AA-3527-11A-01R-A32Z-07,TCGA-AA-3527,normal,COAD
TCGA-AA-3531-11A-01R-A32Z-07,TCGA-AA-3531,normal,COAD
TCGA-AA-3534-11A-01R-A32Z-07,TCGA-AA-3534,normal,COAD
TCGA-AA-3655-11A-01R-1723-07,TCGA-AA-3655,normal,COAD
TCGA-AA-3660-11A-01R-1723-07,TCGA-AA-3660,normal,COAD
TCGA-AA-3662-11A-01R-1723-07,TCGA-AA-3662,normal,COAD
TCGA-AA-3663-11A-01R-1723-07,TCGA-AA-3663,normal,COAD
TCGA-AA-3697-11A-01R-1723-07,TCGA-AA-3697,normal,COAD
TCGA-AA-3712-11A-01R-1723-07,TCGA-AA-3712,normal,COAD
TCGA-AA-3713-11A-01R-1723-07,TCGA-AA-3713,normal,COAD
TCGA-AZ-6598-11A-01R-1774-07,TCGA-AZ-6598,normal,COAD
TCGA-AZ-6599-11A-01R-1774-07,TCGA-AZ-6599,normal,COAD
TCGA-AZ-6600-11A-01R-1774-07,TCGA-AZ-6600,normal,COAD
TCGA-AZ-6601-11A-01R-1774-07,TCGA-AZ-6601,normal,COAD
TCGA-AZ-6603-11A-02R-1839-07,TCGA-AZ-6603,normal,COAD
TCGA-AZ-6605-11A-01R-1839-07,TCGA-AZ-6605,normal,COAD
TCGA-F4-6704-11A-01R-1839-07,TCGA-F4-6704,normal,COAD
TCGA-A3-3358-01A-01R-1541-07,TCGA-A3-3358,tumor,KIRC
TCGA-A3-3387-01A-01R-1541-07,TCGA-A3-3387,tumor,KIRC
TCGA-B0-4700-01A-02R-1541-07,TCGA-B0-4700,tumor,KIRC
TCGA-B0-4712-01A-01R-1503-07,TCGA-B0-4712,tumor,KIRC
TCGA-B0-5402-01A-01R-1503-07,TCGA-B0-5402,tumor,KIRC
TCGA-B0-5690-01A-11R-1541-07,TCGA-B0-5690,tumor,KIRC
TCGA-B0-5691-01A-11R-1541-07,TCGA-B0-5691,tumor,KIRC
TCGA-B0-5694-01A-11R-1541-07,TCGA-B0-5694,tumor,KIRC
TCGA-B0-5696-01A-11R-1541-07,TCGA-B0-5696,tumor,KIRC
TCGA-B0-5697-01A-11R-1541-07,TCGA-B0-5697,tumor,KIRC
TCGA-B0-5699-01A-11R-1541-07,TCGA-B0-5699,tumor,KIRC
TCGA-B0-5701-01A-11R-1541-07,TCGA-B0-5701,tumor,KIRC
TCGA-B0-5703-01A-11R-1541-07,TCGA-B0-5703,tumor,KIRC
TCGA-B0-5705-01A-11R-1541-07,TCGA-B0-5705,tumor,KIRC
TCGA-B0-5706-01A-11R-1541-07,TCGA-B0-5706,tumor,KIRC
TCGA-B0-5709-01A-11R-1541-07,TCGA-B0-5709,tumor,KIRC
TCGA-B0-5711-01A-11R-1672-07,TCGA-B0-5711,tumor,KIRC
TCGA-B0-5712-01A-11R-1672-07,TCGA-B0-5712,tumor,KIRC
TCGA-B2-5636-01A-02R-1541-07,TCGA-B2-5636,tumor,KIRC
TCGA-B2-5641-01A-01R-1541-07,TCGA-B2-5641,tumor,KIRC
TCGA-B8-4619-01A-02R-1325-07,TCGA-B8-4619,tumor,KIRC
TCGA-B8-4620-01A-02R-1325-07,TCGA-B8-4620,tumor,KIRC
TCGA-B8-4622-01A-02R-1277-07,TCGA-B8-4622,tumor,KIRC
TCGA-B8-5549-01A-01R-1541-07,TCGA-B8-5549,tumor,KIRC
TCGA-B8-5552-01B-11R-1672-07,TCGA-B8-5552,tumor,KIRC
TCGA-CJ-5672-01A-11R-1541-07,TCGA-CJ-5672,tumor,KIRC
TCGA-CJ-5676-01A-11R-1541-07,TCGA-CJ-5676,tumor,KIRC
TCGA-CJ-5677-01A-11R-1541-07,TCGA-CJ-5677,tumor,KIRC
TCGA-CJ-5678-01A-11R-1541-07,TCGA-CJ-5678,tumor,KIRC
TCGA-CJ-5679-01A-11R-1541-07,TCGA-CJ-5679,tumor,KIRC
TCGA-CJ-5680-01A-11R-1541-07,TCGA-CJ-5680,tumor,KIRC
TCGA-CJ-5681-01A-11R-1541-07,TCGA-CJ-5681,tumor,KIRC
TCGA-CJ-5689-01A-11R-1541-07,TCGA-CJ-5689,tumor,KIRC
TCGA-CJ-6030-01A-11R-1672-07,TCGA-CJ-6030,tumor,KIRC
TCGA-CJ-6033-01A-11R-1672-07,TCGA-CJ-6033,tumor,KIRC
TCGA-CW-5580-01A-01R-1672-07,TCGA-CW-5580,tumor,KIRC
TCGA-CW-5581-01A-02R-1541-07,TCGA-CW-5581,tumor,KIRC
TCGA-CW-5584-01A-01R-1541-07,TCGA-CW-5584,tumor,KIRC
TCGA-CW-5585-01A-01R-1541-07,TCGA-CW-5585,tumor,KIRC
TCGA-CW-5587-01A-01R-1541-07,TCGA-CW-5587,tumor,KIRC
TCGA-CW-5589-01A-01R-1541-07,TCGA-CW-5589,tumor,KIRC
TCGA-CW-5591-01A-01R-1541-07,TCGA-CW-5591,tumor,KIRC
TCGA-CW-6087-01A-11R-1672-07,TCGA-CW-6087,tumor,KIRC
TCGA-CW-6088-01A-11R-1672-07,TCGA-CW-6088,tumor,KIRC
TCGA-CW-6090-01A-11R-1672-07,TCGA-CW-6090,tumor,KIRC
TCGA-CZ-4863-01A-01R-1503-07,TCGA-CZ-4863,tumor,KIRC
TCGA-CZ-4864-01A-01R-1503-07,TCGA-CZ-4864,tumor,KIRC
TCGA-CZ-4865-01A-02R-1503-07,TCGA-CZ-4865,tumor,KIRC
TCGA-CZ-5451-01A-01R-1503-07,TCGA-CZ-5451,tumor,KIRC
TCGA-CZ-5452-01A-01R-1503-07,TCGA-CZ-5452,tumor,KIRC
TCGA-CZ-5453-01A-01R-1503-07,TCGA-CZ-5453,tumor,KIRC
TCGA-CZ-5454-01A-01R-1503-07,TCGA-CZ-5454,tumor,KIRC
TCGA-CZ-5455-01A-01R-1503-07,TCGA-CZ-5455,tumor,KIRC
TCGA-CZ-5456-01A-01R-1503-07,TCGA-CZ-5456,tumor,KIRC
TCGA-CZ-5457-01A-01R-1503-07,TCGA-CZ-5457,tumor,KIRC
TCGA-CZ-5458-01A-01R-1503-07,TCGA-CZ-5458,tumor,KIRC
TCGA-CZ-5461-01A-01R-1503-07,TCGA-CZ-5461,tumor,KIRC
TCGA-CZ-5462-01A-01R-1503-07,TCGA-CZ-5462,tumor,KIRC
TCGA-CZ-5463-01A-01R-1503-07,TCGA-CZ-5463,tumor,KIRC
TCGA-CZ-5465-01A-01R-1503-07,TCGA-CZ-5465,tumor,KIRC
TCGA-CZ-5466-01A-01R-1503-07,TCGA-CZ-5466,tumor,KIRC
TCGA-CZ-5467-01A-01R-1503-07,TCGA-CZ-5467,tumor,KIRC
TCGA-CZ-5468-01A-01R-1503-07,TCGA-CZ-5468,tumor,KIRC
TCGA-CZ-5469-01A-01R-1503-07,TCGA-CZ-5469,tumor,KIRC
TCGA-CZ-5470-01A-01R-1503-07,TCGA-CZ-5470,tumor,KIRC
TCGA-CZ-5982-01A-11R-1672-07,TCGA-CZ-5982,tumor,KIRC
TCGA-CZ-5984-01A-11R-1672-07,TCGA-CZ-5984,tumor,KIRC
TCGA-CZ-5985-01A-11R-1672-07,TCGA-CZ-5985,tumor,KIRC
TCGA-CZ-5986-01A-11R-1672-07,TCGA-CZ-5986,tumor,KIRC
TCGA-CZ-5987-01A-11R-1672-07,TCGA-CZ-5987,tumor,KIRC
TCGA-CZ-5988-01A-11R-1672-07,TCGA-CZ-5988,tumor,KIRC
TCGA-CZ-5989-01A-11R-1672-07,TCGA-CZ-5989,tumor,KIRC
TCGA-BP-4169-01A-02R-1289-07,TCGA-BP-4169,tumor,KIRC
TCGA-A3-3365-01A-01R-0864-07,TCGA-A3-3365,tumor,KIRC
TCGA-A3-3382-01A-02R-1325-07,TCGA-A3-3382,tumor,KIRC
TCGA-BP-4165-01A-02R-1289-07,TCGA-BP-4165,tumor,KIRC
TCGA-B0-4852-01A-01R-1503-07,TCGA-B0-4852,tumor,KIRC
TCGA-B8-5551-01A-01R-1541-07,TCGA-B8-5551,tumor,KIRC
TCGA-CJ-4907-01A-01R-1426-07,TCGA-CJ-4907,tumor,KIRC
TCGA-B8-A54J-01A-11R-A33J-07,TCGA-B8-A54J,tumor,KIRC
TCGA-GK-A6C7-01A-11R-A33J-07,TCGA-GK-A6C7,tumor,KIRC
TCGA-B0-4688-01A-01R-1277-07,TCGA-B0-4688,tumor,KIRC
TCGA-G6-A8L6-01A-11R-A37O-07,TCGA-G6-A8L6,tumor,KIRC
TCGA-CJ-4902-01A-01R-1426-07,TCGA-CJ-4902,tumor,KIRC
TCGA-AS-3778-01A-01R-A32Z-07,TCGA-AS-3778,tumor,KIRC
TCGA-DV-5574-01A-01R-1541-07,TCGA-DV-5574,tumor,KIRC
TCGA-BP-4789-01A-01R-1305-07,TCGA-BP-4789,tumor,KIRC
TCGA-CJ-4876-01A-01R-1305-07,TCGA-CJ-4876,tumor,KIRC
TCGA-AK-3456-01A-02R-1325-07,TCGA-AK-3456,tumor,KIRC
TCGA-B0-4718-01A-01R-1277-07,TCGA-B0-4718,tumor,KIRC
TCGA-B0-5400-01A-01R-1503-07,TCGA-B0-5400,tumor,KIRC
TCGA-3Z-A93Z-01A-11R-A37O-07,TCGA-3Z-A93Z,tumor,KIRC
TCGA-CJ-4894-01A-01R-1305-07,TCGA-CJ-4894,tumor,KIRC
TCGA-B0-4696-01A-01R-1277-07,TCGA-B0-4696,tumor,KIRC
TCGA-BP-4790-01A-01R-1305-07,TCGA-BP-4790,tumor,KIRC
TCGA-BP-5199-01A-01R-1426-07,TCGA-BP-5199,tumor,KIRC
TCGA-CW-5588-01A-01R-1541-07,TCGA-CW-5588,tumor,KIRC
TCGA-CJ-6028-01A-11R-1672-07,TCGA-CJ-6028,tumor,KIRC
TCGA-B2-4101-01A-02R-1277-07,TCGA-B2-4101,tumor,KIRC
TCGA-B2-5639-01A-01R-1541-07,TCGA-B2-5639,tumor,KIRC
TCGA-A3-3331-01A-02R-1325-07,TCGA-A3-3331,tumor,KIRC
TCGA-A3-3319-01A-02R-1325-07,TCGA-A3-3319,tumor,KIRC
TCGA-CZ-4858-01A-01R-1305-07,TCGA-CZ-4858,tumor,KIRC
TCGA-DV-A4W0-01A-11R-A266-07,TCGA-DV-A4W0,tumor,KIRC
TCGA-AK-3461-01A-02R-1277-07,TCGA-AK-3461,tumor,KIRC
TCGA-BP-4329-01A-02R-1289-07,TCGA-BP-4329,tumor,KIRC
TCGA-BP-4807-01A-01R-1305-07,TCGA-BP-4807,tumor,KIRC
TCGA-BP-4992-01A-01R-1334-07,TCGA-BP-4992,tumor,KIRC
TCGA-AK-3429-01A-02R-1325-07,TCGA-AK-3429,tumor,KIRC
TCGA-B0-4710-01A-01R-1503-07,TCGA-B0-4710,tumor,KIRC
TCGA-CW-5590-01A-01R-1541-07,TCGA-CW-5590,tumor,KIRC
TCGA-B0-4691-01A-01R-1277-07,TCGA-B0-4691,tumor,KIRC
TCGA-BP-5007-01A-01R-1334-07,TCGA-BP-5007,tumor,KIRC
TCGA-EU-5905-01A-11R-1672-07,TCGA-EU-5905,tumor,KIRC
TCGA-B8-A54H-01A-11R-A33J-07,TCGA-B8-A54H,tumor,KIRC
TCGA-B2-4102-01A-02R-1325-07,TCGA-B2-4102,tumor,KIRC
TCGA-B4-5843-01A-11R-1672-07,TCGA-B4-5843,tumor,KIRC
TCGA-AK-3460-01A-02R-1277-07,TCGA-AK-3460,tumor,KIRC
TCGA-B0-5110-01A-01R-1420-07,TCGA-B0-5110,tumor,KIRC
TCGA-B0-4690-01A-01R-1277-07,TCGA-B0-4690,tumor,KIRC
TCGA-B0-5075-01A-01R-1334-07,TCGA-B0-5075,tumor,KIRC
TCGA-B0-5085-01A-01R-1334-07,TCGA-B0-5085,tumor,KIRC
TCGA-MM-A563-01A-11R-A266-07,TCGA-MM-A563,tumor,KIRC
TCGA-AS-3777-01A-01R-0864-07,TCGA-AS-3777,tumor,KIRC
TCGA-EU-5904-01A-11R-1672-07,TCGA-EU-5904,tumor,KIRC
TCGA-B8-5159-01A-01R-1420-07,TCGA-B8-5159,tumor,KIRC
TCGA-B0-5084-01A-01R-1334-07,TCGA-B0-5084,tumor,KIRC
TCGA-BP-4173-01A-02R-1289-07,TCGA-BP-4173,tumor,KIRC
TCGA-CJ-4641-01A-02R-1325-07,TCGA-CJ-4641,tumor,KIRC
TCGA-A3-3372-01A-02R-1325-07,TCGA-A3-3372,tumor,KIRC
TCGA-BP-4967-01A-01R-1334-07,TCGA-BP-4967,tumor,KIRC
TCGA-CJ-6032-01A-11R-1672-07,TCGA-CJ-6032,tumor,KIRC
TCGA-CJ-5671-01A-11R-1541-07,TCGA-CJ-5671,tumor,KIRC
TCGA-B0-5099-01A-01R-1420-07,TCGA-B0-5099,tumor,KIRC
TCGA-A3-3322-01A-02R-1325-07,TCGA-A3-3322,tumor,KIRC
TCGA-CJ-4920-01A-01R-1426-07,TCGA-CJ-4920,tumor,KIRC
TCGA-A3-3326-01A-01R-0864-07,TCGA-A3-3326,tumor,KIRC
TCGA-CJ-4639-01A-02R-1325-07,TCGA-CJ-4639,tumor,KIRC
TCGA-CJ-4634-01A-02R-1325-07,TCGA-CJ-4634,tumor,KIRC
TCGA-A3-3335-01A-01R-0864-07,TCGA-A3-3335,tumor,KIRC
TCGA-BP-4969-01A-01R-1334-07,TCGA-BP-4969,tumor,KIRC
TCGA-BP-4981-01A-01R-1334-07,TCGA-BP-4981,tumor,KIRC
TCGA-AK-3431-01A-02R-1277-07,TCGA-AK-3431,tumor,KIRC
TCGA-B8-5162-01A-01R-1420-07,TCGA-B8-5162,tumor,KIRC
TCGA-BP-4963-01A-01R-1334-07,TCGA-BP-4963,tumor,KIRC
TCGA-BP-4977-01A-01R-1334-07,TCGA-BP-4977,tumor,KIRC
TCGA-B0-4838-01A-01R-1305-07,TCGA-B0-4838,tumor,KIRC
TCGA-B0-5121-01A-02R-1420-07,TCGA-B0-5121,tumor,KIRC
TCGA-CJ-4897-01A-03R-1426-07,TCGA-CJ-4897,tumor,KIRC
TCGA-A3-3352-01A-01R-0864-07,TCGA-A3-3352,tumor,KIRC
TCGA-CJ-4871-01A-01R-1305-07,TCGA-CJ-4871,tumor,KIRC
TCGA-BP-4355-01A-01R-1289-07,TCGA-BP-4355,tumor,KIRC
TCGA-B4-5832-01A-11R-1672-07,TCGA-B4-5832,tumor,KIRC
TCGA-A3-A6NI-01A-11R-A33J-07,TCGA-A3-A6NI,tumor,KIRC
TCGA-BP-4974-01A-01R-1334-07,TCGA-BP-4974,tumor,KIRC
TCGA-B0-4818-01A-01R-1503-07,TCGA-B0-4818,tumor,KIRC
TCGA-CZ-4862-01A-01R-1305-07,TCGA-CZ-4862,tumor,KIRC
TCGA-CJ-4888-01A-01R-1305-07,TCGA-CJ-4888,tumor,KIRC
TCGA-B0-5096-01A-01R-1420-07,TCGA-B0-5096,tumor,KIRC
TCGA-BP-4971-01A-01R-1334-07,TCGA-BP-4971,tumor,KIRC
TCGA-A3-3347-01A-02R-1325-07,TCGA-A3-3347,tumor,KIRC
TCGA-CJ-4635-01A-02R-1305-07,TCGA-CJ-4635,tumor,KIRC
TCGA-A3-A8CQ-01A-11R-A37O-07,TCGA-A3-A8CQ,tumor,KIRC
TCGA-B2-3923-01A-02R-1325-07,TCGA-B2-3923,tumor,KIRC
TCGA-BP-5191-01A-01R-1426-07,TCGA-BP-5191,tumor,KIRC
TCGA-CJ-5683-01A-11R-1541-07,TCGA-CJ-5683,tumor,KIRC
TCGA-BP-4768-01A-01R-1289-07,TCGA-BP-4768,tumor,KIRC
TCGA-AK-3433-01A-02R-1277-07,TCGA-AK-3433,tumor,KIRC
TCGA-B8-5165-01A-01R-1420-07,TCGA-B8-5165,tumor,KIRC
TCGA-B2-5635-01A-01R-1541-07,TCGA-B2-5635,tumor,KIRC
TCGA-A3-3351-01A-02R-1325-07,TCGA-A3-3351,tumor,KIRC
TCGA-A3-3329-01A-01R-0864-07,TCGA-A3-3329,tumor,KIRC
TCGA-AK-3451-01A-02R-1188-07,TCGA-AK-3451,tumor,KIRC
TCGA-CW-5583-01A-02R-1541-07,TCGA-CW-5583,tumor,KIRC
TCGA-B0-4701-01A-01R-1277-07,TCGA-B0-4701,tumor,KIRC
TCGA-A3-3367-01A-02R-1420-07,TCGA-A3-3367,tumor,KIRC
TCGA-B0-4698-01A-01R-1503-07,TCGA-B0-4698,tumor,KIRC
TCGA-BP-4994-01A-01R-1334-07,TCGA-BP-4994,tumor,KIRC
TCGA-DV-5575-01A-01R-1541-07,TCGA-DV-5575,tumor,KIRC
TCGA-B8-4154-01A-01R-1188-07,TCGA-B8-4154,tumor,KIRC
TCGA-B0-4843-01A-01R-1277-07,TCGA-B0-4843,tumor,KIRC
TCGA-B0-4810-01A-01R-1503-07,TCGA-B0-4810,tumor,KIRC
TCGA-BP-4349-01A-01R-1289-07,TCGA-BP-4349,tumor,KIRC
TCGA-DV-5567-01A-01R-1541-07,TCGA-DV-5567,tumor,KIRC
TCGA-BP-4347-01A-01R-1289-07,TCGA-BP-4347,tumor,KIRC
TCGA-G6-A5PC-01A-11R-A33J-07,TCGA-G6-A5PC,tumor,KIRC
TCGA-BP-4332-01A-01R-1289-07,TCGA-BP-4332,tumor,KIRC
TCGA-BP-4163-01A-02R-1325-07,TCGA-BP-4163,tumor,KIRC
TCGA-B0-4822-01A-01R-1277-07,TCGA-B0-4822,tumor,KIRC
TCGA-BP-4970-01A-01R-1334-07,TCGA-BP-4970,tumor,KIRC
TCGA-A3-3311-01A-02R-1325-07,TCGA-A3-3311,tumor,KIRC
TCGA-B0-4842-01A-02R-1420-07,TCGA-B0-4842,tumor,KIRC
TCGA-A3-A6NN-01A-12R-A33J-07,TCGA-A3-A6NN,tumor,KIRC
TCGA-BP-4983-01A-01R-1334-07,TCGA-BP-4983,tumor,KIRC
TCGA-BP-4174-01A-02R-1289-07,TCGA-BP-4174,tumor,KIRC
TCGA-CJ-4904-01A-02R-1426-07,TCGA-CJ-4904,tumor,KIRC
TCGA-BP-4962-01A-01R-1334-07,TCGA-BP-4962,tumor,KIRC
TCGA-A3-3328-01A-01R-0864-07,TCGA-A3-3328,tumor,KIRC
TCGA-CZ-4859-01A-02R-1426-07,TCGA-CZ-4859,tumor,KIRC
TCGA-AK-3445-01A-02R-1277-07,TCGA-AK-3445,tumor,KIRC
TCGA-BP-5169-01A-01R-1426-07,TCGA-BP-5169,tumor,KIRC
TCGA-A3-3307-01A-01R-0864-07,TCGA-A3-3307,tumor,KIRC
TCGA-B0-5119-01A-02R-1420-07,TCGA-B0-5119,tumor,KIRC
TCGA-AK-3440-01A-02R-1277-07,TCGA-AK-3440,tumor,KIRC
TCGA-B0-4834-01A-01R-1305-07,TCGA-B0-4834,tumor,KIRC
TCGA-BP-5175-01A-01R-1426-07,TCGA-BP-5175,tumor,KIRC
TCGA-BP-4176-01A-02R-1289-07,TCGA-BP-4176,tumor,KIRC
TCGA-A3-3363-01A-01R-0864-07,TCGA-A3-3363,tumor,KIRC
TCGA-B0-5120-01A-01R-1420-07,TCGA-B0-5120,tumor,KIRC
TCGA-BP-4325-01A-02R-1289-07,TCGA-BP-4325,tumor,KIRC
TCGA-A3-3357-01A-02R-1420-07,TCGA-A3-3357,tumor,KIRC
TCGA-A3-3316-01A-01R-0864-07,TCGA-A3-3316,tumor,KIRC
TCGA-CW-6093-01A-11R-1672-07,TCGA-CW-6093,tumor,KIRC
TCGA-B0-4828-01A-01R-1277-07,TCGA-B0-4828,tumor,KIRC
TCGA-BP-4334-01A-01R-1289-07,TCGA-BP-4334,tumor,KIRC
TCGA-CZ-4866-01A-01R-1503-07,TCGA-CZ-4866,tumor,KIRC
TCGA-B0-4844-01A-01R-1277-07,TCGA-B0-4844,tumor,KIRC
TCGA-B0-4839-01A-01R-1305-07,TCGA-B0-4839,tumor,KIRC
TCGA-CJ-4637-01A-02R-1325-07,TCGA-CJ-4637,tumor,KIRC
TCGA-CW-6097-01A-11R-1672-07,TCGA-CW-6097,tumor,KIRC
TCGA-BP-4335-01A-01R-1289-07,TCGA-BP-4335,tumor,KIRC
TCGA-BP-5184-01A-01R-1426-07,TCGA-BP-5184,tumor,KIRC
TCGA-BP-5196-01A-01R-1426-07,TCGA-BP-5196,tumor,KIRC
TCGA-CJ-4885-01A-01R-1305-07,TCGA-CJ-4885,tumor,KIRC
TCGA-CJ-4882-01A-02R-1426-07,TCGA-CJ-4882,tumor,KIRC
TCGA-B4-5834-01A-11R-1672-07,TCGA-B4-5834,tumor,KIRC
TCGA-CJ-5686-01A-11R-1672-07,TCGA-CJ-5686,tumor,KIRC
TCGA-B0-5100-01A-01R-1420-07,TCGA-B0-5100,tumor,KIRC
TCGA-CJ-4868-01A-01R-1305-07,TCGA-CJ-4868,tumor,KIRC
TCGA-BP-4342-01A-01R-1289-07,TCGA-BP-4342,tumor,KIRC
TCGA-CJ-4884-01A-01R-1305-07,TCGA-CJ-4884,tumor,KIRC
TCGA-BP-5000-01A-01R-1334-07,TCGA-BP-5000,tumor,KIRC
TCGA-B0-4833-01A-01R-1305-07,TCGA-B0-4833,tumor,KIRC
TCGA-B8-A54G-01A-11R-A266-07,TCGA-B8-A54G,tumor,KIRC
TCGA-B0-5107-01A-01R-1420-07,TCGA-B0-5107,tumor,KIRC
TCGA-BP-5008-01A-01R-1334-07,TCGA-BP-5008,tumor,KIRC
TCGA-B0-5117-01A-01R-1420-07,TCGA-B0-5117,tumor,KIRC
TCGA-CJ-4918-01A-01R-1426-07,TCGA-CJ-4918,tumor,KIRC
TCGA-B8-4621-01A-01R-1503-07,TCGA-B8-4621,tumor,KIRC
TCGA-B0-4697-01A-01R-1277-07,TCGA-B0-4697,tumor,KIRC
TCGA-CJ-4900-01A-01R-1334-07,TCGA-CJ-4900,tumor,KIRC
TCGA-B0-5710-01A-11R-1672-07,TCGA-B0-5710,tumor,KIRC
TCGA-BP-4797-01A-01R-1305-07,TCGA-BP-4797,tumor,KIRC
TCGA-MW-A4EC-01A-11R-A266-07,TCGA-MW-A4EC,tumor,KIRC
TCGA-AK-3465-01A-02R-1325-07,TCGA-AK-3465,tumor,KIRC
TCGA-CZ-4861-01A-01R-1305-07,TCGA-CZ-4861,tumor,KIRC
TCGA-BP-4995-01A-01R-1334-07,TCGA-BP-4995,tumor,KIRC
TCGA-B8-A54I-01A-21R-A33J-07,TCGA-B8-A54I,tumor,KIRC
TCGA-B0-4845-01A-01R-1277-07,TCGA-B0-4845,tumor,KIRC
TCGA-DV-5573-01A-01R-1541-07,TCGA-DV-5573,tumor,KIRC
TCGA-CJ-5682-01A-11R-1541-07,TCGA-CJ-5682,tumor,KIRC
TCGA-CJ-4875-01A-01R-1305-07,TCGA-CJ-4875,tumor,KIRC
TCGA-BP-5201-01A-01R-1426-07,TCGA-BP-5201,tumor,KIRC
TCGA-G6-A8L8-01A-21R-A37O-07,TCGA-G6-A8L8,tumor,KIRC
TCGA-BP-5176-01A-01R-1426-07,TCGA-BP-5176,tumor,KIRC
TCGA-BP-4784-01A-01R-1305-07,TCGA-BP-4784,tumor,KIRC
TCGA-BP-5200-01A-01R-1426-07,TCGA-BP-5200,tumor,KIRC
TCGA-BP-4343-01A-02R-1289-07,TCGA-BP-4343,tumor,KIRC
TCGA-A3-3376-01A-02R-1420-07,TCGA-A3-3376,tumor,KIRC
TCGA-B0-5098-01A-01R-1420-07,TCGA-B0-5098,tumor,KIRC
TCGA-BP-5178-01A-01R-1426-07,TCGA-BP-5178,tumor,KIRC
TCGA-B8-5553-01A-01R-1541-07,TCGA-B8-5553,tumor,KIRC
TCGA-CJ-4912-01A-01R-1426-07,TCGA-CJ-4912,tumor,KIRC
TCGA-BP-4762-01A-02R-1289-07,TCGA-BP-4762,tumor,KIRC
TCGA-AK-3436-01A-02R-1325-07,TCGA-AK-3436,tumor,KIRC
TCGA-B0-4836-01A-01R-1305-07,TCGA-B0-4836,tumor,KIRC
TCGA-BP-4346-01A-01R-1289-07,TCGA-BP-4346,tumor,KIRC
TCGA-BP-4959-01A-01R-1334-07,TCGA-BP-4959,tumor,KIRC
TCGA-A3-3313-01A-02R-1325-07,TCGA-A3-3313,tumor,KIRC
TCGA-BP-5174-01A-01R-1426-07,TCGA-BP-5174,tumor,KIRC
TCGA-BP-4998-01A-01R-1334-07,TCGA-BP-4998,tumor,KIRC
TCGA-B0-5692-01A-11R-1541-07,TCGA-B0-5692,tumor,KIRC
TCGA-B0-5115-01A-01R-1420-07,TCGA-B0-5115,tumor,KIRC
TCGA-B2-A4SR-01A-11R-A266-07,TCGA-B2-A4SR,tumor,KIRC
TCGA-B4-5838-01A-11R-1672-07,TCGA-B4-5838,tumor,KIRC
TCGA-A3-3320-01A-02R-1325-07,TCGA-A3-3320,tumor,KIRC
TCGA-BP-5004-01A-01R-1334-07,TCGA-BP-5004,tumor,KIRC
TCGA-B0-4821-01A-01R-1503-07,TCGA-B0-4821,tumor,KIRC
TCGA-B0-4694-01A-01R-1277-07,TCGA-B0-4694,tumor,KIRC
TCGA-A3-3380-01A-01R-0864-07,TCGA-A3-3380,tumor,KIRC
TCGA-BP-5190-01A-01R-1426-07,TCGA-BP-5190,tumor,KIRC
TCGA-B0-5812-01A-11R-1672-07,TCGA-B0-5812,tumor,KIRC
TCGA-CZ-5460-01A-01R-1503-07,TCGA-CZ-5460,tumor,KIRC
TCGA-BP-5181-01A-01R-1426-07,TCGA-BP-5181,tumor,KIRC
TCGA-B8-5164-01A-01R-1420-07,TCGA-B8-5164,tumor,KIRC
TCGA-BP-4776-01A-01R-1289-07,TCGA-BP-4776,tumor,KIRC
TCGA-BP-4988-01A-01R-1334-07,TCGA-BP-4988,tumor,KIRC
TCGA-BP-4161-01A-02R-1325-07,TCGA-BP-4161,tumor,KIRC
TCGA-A3-3358-11A-01R-1541-07,TCGA-A3-3358,normal,KIRC
TCGA-A3-3387-11A-01R-1541-07,TCGA-A3-3387,normal,KIRC
TCGA-B0-4700-11A-01R-1541-07,TCGA-B0-4700,normal,KIRC
TCGA-B0-4712-11A-02R-1503-07,TCGA-B0-4712,normal,KIRC
TCGA-B0-5402-11A-01R-1503-07,TCGA-B0-5402,normal,KIRC
TCGA-B0-5690-11A-01R-1541-07,TCGA-B0-5690,normal,KIRC
TCGA-B0-5691-11A-01R-1541-07,TCGA-B0-5691,normal,KIRC
TCGA-B0-5694-11A-01R-1541-07,TCGA-B0-5694,normal,KIRC
TCGA-B0-5696-11A-01R-1541-07,TCGA-B0-5696,normal,KIRC
TCGA-B0-5697-11A-01R-1541-07,TCGA-B0-5697,normal,KIRC
TCGA-B0-5699-11A-01R-1541-07,TCGA-B0-5699,normal,KIRC
TCGA-B0-5701-11A-01R-1541-07,TCGA-B0-5701,normal,KIRC
TCGA-B0-5703-11A-01R-1541-07,TCGA-B0-5703,normal,KIRC
TCGA-B0-5705-11A-01R-1541-07,TCGA-B0-5705,normal,KIRC
TCGA-B0-5706-11A-01R-1541-07,TCGA-B0-5706,normal,KIRC
TCGA-B0-5709-11A-01R-1541-07,TCGA-B0-5709,normal,KIRC
TCGA-B0-5711-11A-01R-1672-07,TCGA-B0-5711,normal,KIRC
TCGA-B0-5712-11A-01R-1672-07,TCGA-B0-5712,normal,KIRC
TCGA-B2-5636-11A-01R-1541-07,TCGA-B2-5636,normal,KIRC
TCGA-B2-5641-11A-01R-1541-07,TCGA-B2-5641,normal,KIRC
TCGA-B8-4619-11A-01R-1758-07,TCGA-B8-4619,normal,KIRC
TCGA-B8-4620-11A-01R-1758-07,TCGA-B8-4620,normal,KIRC
TCGA-B8-4622-11A-01R-1758-07,TCGA-B8-4622,normal,KIRC
TCGA-B8-5549-11A-01R-1541-07,TCGA-B8-5549,normal,KIRC
TCGA-B8-5552-11A-01R-1672-07,TCGA-B8-5552,normal,KIRC
TCGA-CJ-5672-11A-01R-1541-07,TCGA-CJ-5672,normal,KIRC
TCGA-CJ-5676-11A-01R-1541-07,TCGA-CJ-5676,normal,KIRC
TCGA-CJ-5677-11A-01R-1541-07,TCGA-CJ-5677,normal,KIRC
TCGA-CJ-5678-11A-01R-1541-07,TCGA-CJ-5678,normal,KIRC
TCGA-CJ-5679-11A-01R-1541-07,TCGA-CJ-5679,normal,KIRC
TCGA-CJ-5680-11A-01R-1541-07,TCGA-CJ-5680,normal,KIRC
TCGA-CJ-5681-11A-01R-1541-07,TCGA-CJ-5681,normal,KIRC
TCGA-CJ-5689-11A-01R-1541-07,TCGA-CJ-5689,normal,KIRC
TCGA-CJ-6030-11A-01R-1672-07,TCGA-CJ-6030,normal,KIRC
TCGA-CJ-6033-11A-01R-1858-07,TCGA-CJ-6033,normal,KIRC
TCGA-CW-5580-11A-02R-1672-07,TCGA-CW-5580,normal,KIRC
TCGA-CW-5581-11A-01R-1541-07,TCGA-CW-5581,normal,KIRC
TCGA-CW-5584-11A-01R-1541-07,TCGA-CW-5584,normal,KIRC
TCGA-CW-5585-11A-01R-1541-07,TCGA-CW-5585,normal,KIRC
TCGA-CW-5587-11A-01R-1541-07,TCGA-CW-5587,normal,KIRC
TCGA-CW-5589-11A-01R-1541-07,TCGA-CW-5589,normal,KIRC
TCGA-CW-5591-11A-01R-1541-07,TCGA-CW-5591,normal,KIRC
TCGA-CW-6087-11A-01R-1672-07,TCGA-CW-6087,normal,KIRC
TCGA-CW-6088-11A-01R-1672-07,TCGA-CW-6088,normal,KIRC
TCGA-CW-6090-11A-01R-1672-07,TCGA-CW-6090,normal,KIRC
TCGA-CZ-4863-11A-01R-1503-07,TCGA-CZ-4863,normal,KIRC
TCGA-CZ-4864-11A-01R-1503-07,TCGA-CZ-4864,normal,KIRC
TCGA-CZ-4865-11A-01R-1503-07,TCGA-CZ-4865,normal,KIRC
TCGA-CZ-5451-11A-01R-1503-07,TCGA-CZ-5451,normal,KIRC
TCGA-CZ-5452-11A-01R-1503-07,TCGA-CZ-5452,normal,KIRC
TCGA-CZ-5453-11A-01R-1503-07,TCGA-CZ-5453,normal,KIRC
TCGA-CZ-5454-11A-01R-1503-07,TCGA-CZ-5454,normal,KIRC
TCGA-CZ-5455-11A-01R-1503-07,TCGA-CZ-5455,normal,KIRC
TCGA-CZ-5456-11A-02R-1503-07,TCGA-CZ-5456,normal,KIRC
TCGA-CZ-5457-11A-01R-1503-07,TCGA-CZ-5457,normal,KIRC
TCGA-CZ-5458-11A-01R-1503-07,TCGA-CZ-5458,normal,KIRC
TCGA-CZ-5461-11A-01R-1503-07,TCGA-CZ-5461,normal,KIRC
TCGA-CZ-5462-11A-01R-1503-07,TCGA-CZ-5462,normal,KIRC
TCGA-CZ-5463-11A-01R-1503-07,TCGA-CZ-5463,normal,KIRC
TCGA-CZ-5465-11A-01R-1503-07,TCGA-CZ-5465,normal,KIRC
TCGA-CZ-5466-11A-01R-1503-07,TCGA-CZ-5466,normal,KIRC
TCGA-CZ-5467-11A-01R-1503-07,TCGA-CZ-5467,normal,KIRC
TCGA-CZ-5468-11A-01R-1503-07,TCGA-CZ-5468,normal,KIRC
TCGA-CZ-5469-11A-01R-1503-07,TCGA-CZ-5469,normal,KIRC
TCGA-CZ-5470-11A-01R-1503-07,TCGA-CZ-5470,normal,KIRC
TCGA-CZ-5982-11A-01R-1672-07,TCGA-CZ-5982,normal,KIRC
TCGA-CZ-5984-11A-01R-1672-07,TCGA-CZ-5984,normal,KIRC
TCGA-CZ-5985-11A-01R-1672-07,TCGA-CZ-5985,normal,KIRC
TCGA-CZ-5986-11A-01R-1672-07,TCGA-CZ-5986,normal,KIRC
TCGA-CZ-5987-11A-01R-1672-07,TCGA-CZ-5987,normal,KIRC
TCGA-CZ-5988-11A-01R-1672-07,TCGA-CZ-5988,normal,KIRC
TCGA-CZ-5989-11A-01R-1672-07,TCGA-CZ-5989,normal,KIRC
TCGA-38-4625-01A-01R-1206-07,TCGA-38-4625,tumor,LUAD
TCGA-38-4626-01A-01R-1206-07,TCGA-38-4626,tumor,LUAD
TCGA-38-4627-01A-01R-1206-07,TCGA-38-4627,tumor,LUAD
TCGA-38-4632-01A-01R-1755-07,TCGA-38-4632,tumor,LUAD
TCGA-44-2655-01A-01R-0946-07,TCGA-44-2655,tumor,LUAD
TCGA-44-2657-01A-01R-1107-07,TCGA-44-2657,tumor,LUAD
TCGA-44-2661-01A-01R-1107-07,TCGA-44-2661,tumor,LUAD
TCGA-44-2662-01A-01R-0946-07,TCGA-44-2662,tumor,LUAD
TCGA-44-2665-01A-01R-0946-07,TCGA-44-2665,tumor,LUAD
TCGA-44-2668-01A-01R-0946-07,TCGA-44-2668,tumor,LUAD
TCGA-44-3396-01A-01R-1206-07,TCGA-44-3396,tumor,LUAD
TCGA-44-3398-01A-01R-1107-07,TCGA-44-3398,tumor,LUAD
TCGA-44-5645-01A-01R-1628-07,TCGA-44-5645,tumor,LUAD
TCGA-44-6145-01A-11R-1755-07,TCGA-44-6145,tumor,LUAD
TCGA-44-6146-01A-11R-1755-07,TCGA-44-6146,tumor,LUAD
TCGA-44-6147-01A-11R-1755-07,TCGA-44-6147,tumor,LUAD
TCGA-44-6148-01A-11R-1755-07,TCGA-44-6148,tumor,LUAD
TCGA-44-6776-01A-11R-1858-07,TCGA-44-6776,tumor,LUAD
TCGA-44-6777-01A-11R-1858-07,TCGA-44-6777,tumor,LUAD
TCGA-44-6778-01A-11R-1858-07,TCGA-44-6778,tumor,LUAD
TCGA-49-4490-01A-21R-1858-07,TCGA-49-4490,tumor,LUAD
TCGA-49-4512-01A-21R-1858-07,TCGA-49-4512,tumor,LUAD
TCGA-49-6742-01A-11R-1858-07,TCGA-49-6742,tumor,LUAD
TCGA-49-6743-01A-11R-1858-07,TCGA-49-6743,tumor,LUAD
TCGA-49-6744-01A-11R-1858-07,TCGA-49-6744,tumor,LUAD
TCGA-49-6745-01A-11R-1858-07,TCGA-49-6745,tumor,LUAD
TCGA-49-6761-01A-31R-1949-07,TCGA-49-6761,tumor,LUAD
TCGA-50-5930-01A-11R-1755-07,TCGA-50-5930,tumor,LUAD
TCGA-50-5931-01A-11R-1755-07,TCGA-50-5931,tumor,LUAD
TCGA-50-5932-01A-11R-1755-07,TCGA-50-5932,tumor,LUAD
TCGA-50-5933-01A-11R-1755-07,TCGA-50-5933,tumor,LUAD
TCGA-50-5935-01A-11R-1755-07,TCGA-50-5935,tumor,LUAD
TCGA-50-5936-01A-11R-1628-07,TCGA-50-5936,tumor,LUAD
TCGA-50-5939-01A-11R-1628-07,TCGA-50-5939,tumor,LUAD
TCGA-50-6595-01A-12R-1858-07,TCGA-50-6595,tumor,LUAD
TCGA-55-6968-01A-11R-1949-07,TCGA-55-6968,tumor,LUAD
TCGA-55-6969-01A-11R-1949-07,TCGA-55-6969,tumor,LUAD
TCGA-55-6970-01A-11R-1949-07,TCGA-55-6970,tumor,LUAD
TCGA-55-6971-01A-11R-1949-07,TCGA-55-6971,tumor,LUAD
TCGA-55-6972-01A-11R-1949-07,TCGA-55-6972,tumor,LUAD
TCGA-55-6975-01A-11R-1949-07,TCGA-55-6975,tumor,LUAD
TCGA-55-6978-01A-11R-1949-07,TCGA-55-6978,tumor,LUAD
TCGA-55-6979-01A-11R-1949-07,TCGA-55-6979,tumor,LUAD
TCGA-55-6980-01A-11R-1949-07,TCGA-55-6980,tumor,LUAD
TCGA-55-6981-01A-11R-1949-07,TCGA-55-6981,tumor,LUAD
TCGA-55-6982-01A-11R-1949-07,TCGA-55-6982,tumor,LUAD
TCGA-55-6983-01A-11R-1949-07,TCGA-55-6983,tumor,LUAD
TCGA-55-6984-01A-11R-1949-07,TCGA-55-6984,tumor,LUAD
TCGA-55-6985-01A-11R-1949-07,TCGA-55-6985,tumor,LUAD
TCGA-55-6986-01A-11R-1949-07,TCGA-55-6986,tumor,LUAD
TCGA-73-4676-01A-01R-1755-07,TCGA-73-4676,tumor,LUAD
TCGA-91-6828-01A-11R-1858-07,TCGA-91-6828,tumor,LUAD
TCGA-91-6829-01A-21R-1858-07,TCGA-91-6829,tumor,LUAD
TCGA-91-6831-01A-11R-1858-07,TCGA-91-6831,tumor,LUAD
TCGA-91-6835-01A-11R-1858-07,TCGA-91-6835,tumor,LUAD
TCGA-91-6836-01A-21R-1858-07,TCGA-91-6836,tumor,LUAD
TCGA-91-6847-01A-11R-1949-07,TCGA-91-6847,tumor,LUAD
TCGA-91-6849-01A-11R-1949-07,TCGA-91-6849,tumor,LUAD
TCGA-78-7537-01A-11R-2066-07,TCGA-78-7537,tumor,LUAD
TCGA-38-4629-01A-02R-1206-07,TCGA-38-4629,tumor,LUAD
TCGA-86-8668-01A-11R-2403-07,TCGA-86-8668,tumor,LUAD
TCGA-64-1678-01A-01R-0946-07,TCGA-64-1678,tumor,LUAD
TCGA-55-7995-01A-11R-2187-07,TCGA-55-7995,tumor,LUAD
TCGA-55-A57B-01A-12R-A39D-07,TCGA-55-A57B,tumor,LUAD
TCGA-55-8301-01A-11R-2287-07,TCGA-55-8301,tumor,LUAD
TCGA-50-5055-01A-01R-1628-07,TCGA-50-5055,tumor,LUAD
TCGA-97-A4M6-01A-11R-A24X-07,TCGA-97-A4M6,tumor,LUAD
TCGA-05-5425-01A-02R-1628-07,TCGA-05-5425,tumor,LUAD
TCGA-44-A4SS-01A-11R-A24X-07,TCGA-44-A4SS,tumor,LUAD
TCGA-55-8206-01A-11R-2241-07,TCGA-55-8206,tumor,LUAD
TCGA-55-7576-01A-11R-2066-07,TCGA-55-7576,tumor,LUAD
TCGA-91-7771-01A-11R-2170-07,TCGA-91-7771,tumor,LUAD
TCGA-97-7547-01A-11R-2039-07,TCGA-97-7547,tumor,LUAD
TCGA-44-6779-01A-11R-1858-07,TCGA-44-6779,tumor,LUAD
TCGA-95-7043-01A-11R-1949-07,TCGA-95-7043,tumor,LUAD
TCGA-78-7150-01A-21R-2039-07,TCGA-78-7150,tumor,LUAD
TCGA-MP-A4T7-01A-11R-A24X-07,TCGA-MP-A4T7,tumor,LUAD
TCGA-49-4510-01A-01R-1206-07,TCGA-49-4510,tumor,LUAD
TCGA-49-4494-01A-01R-1206-07,TCGA-49-4494,tumor,LUAD
TCGA-55-6987-01A-11R-1949-07,TCGA-55-6987,tumor,LUAD
TCGA-64-5815-01A-01R-1628-07,TCGA-64-5815,tumor,LUAD
TCGA-50-8457-01A-11R-2326-07,TCGA-50-8457,tumor,LUAD
TCGA-64-1680-01A-02R-0946-07,TCGA-64-1680,tumor,LUAD
TCGA-97-7552-01A-11R-2039-07,TCGA-97-7552,tumor,LUAD
TCGA-49-4505-01A-01R-1206-07,TCGA-49-4505,tumor,LUAD
TCGA-NJ-A4YG-01A-22R-A262-07,TCGA-NJ-A4YG,tumor,LUAD
TCGA-05-4397-01A-01R-1206-07,TCGA-05-4397,tumor,LUAD
TCGA-75-6212-01A-11R-1755-07,TCGA-75-6212,tumor,LUAD
TCGA-97-7554-01A-11R-2039-07,TCGA-97-7554,tumor,LUAD
TCGA-69-8254-01A-11R-2287-07,TCGA-69-8254,tumor,LUAD
TCGA-L9-A743-01A-43R-A39D-07,TCGA-L9-A743,tumor,LUAD
TCGA-50-6594-01A-11R-1755-07,TCGA-50-6594,tumor,LUAD
TCGA-NJ-A55A-01A-11R-A262-07,TCGA-NJ-A55A,tumor,LUAD
TCGA-49-4488-01A-01R-1755-07,TCGA-49-4488,tumor,LUAD
TCGA-78-7143-01A-11R-2039-07,TCGA-78-7143,tumor,LUAD
TCGA-86-7713-01A-11R-2066-07,TCGA-86-7713,tumor,LUAD
TCGA-55-1592-01A-01R-0946-07,TCGA-55-1592,tumor,LUAD
TCGA-49-4501-01A-01R-1206-07,TCGA-49-4501,tumor,LUAD
TCGA-78-7153-01A-11R-2039-07,TCGA-78-7153,tumor,LUAD
TCGA-49-AAR9-01A-21R-A41B-07,TCGA-49-AAR9,tumor,LUAD
TCGA-55-8616-01A-11R-2403-07,TCGA-55-8616,tumor,LUAD
TCGA-44-A4SU-01A-11R-A24X-07,TCGA-44-A4SU,tumor,LUAD
TCGA-55-7914-01A-11R-2170-07,TCGA-55-7914,tumor,LUAD
TCGA-49-4487-01A-21R-1858-07,TCGA-49-4487,tumor,LUAD
TCGA-44-A47B-01A-11R-A24H-07,TCGA-44-A47B,tumor,LUAD
TCGA-69-7760-01A-11R-2170-07,TCGA-69-7760,tumor,LUAD
TCGA-J2-A4AE-01A-21R-A24H-07,TCGA-J2-A4AE,tumor,LUAD
TCGA-78-7163-01A-12R-2066-07,TCGA-78-7163,tumor,LUAD
TCGA-73-4677-01A-01R-1206-07,TCGA-73-4677,tumor,LUAD
TCGA-05-5715-01A-01R-1628-07,TCGA-05-5715,tumor,LUAD
TCGA-69-8253-01A-11R-2287-07,TCGA-69-8253,tumor,LUAD
TCGA-83-5908-01A-21R-2287-07,TCGA-83-5908,tumor,LUAD
TCGA-99-8025-01A-11R-2241-07,TCGA-99-8025,tumor,LUAD
TCGA-MP-A4SY-01A-21R-A24X-07,TCGA-MP-A4SY,tumor,LUAD
TCGA-05-4402-01A-01R-1206-07,TCGA-05-4402,tumor,LUAD
TCGA-97-A4M3-01A-11R-A24X-07,TCGA-97-A4M3,tumor,LUAD
TCGA-05-4415-01A-22R-1858-07,TCGA-05-4415,tumor,LUAD
TCGA-MP-A4TK-01A-11R-A24X-07,TCGA-MP-A4TK,tumor,LUAD
TCGA-97-A4M5-01A-11R-A24X-07,TCGA-97-A4M5,tumor,LUAD
TCGA-05-4244-01A-01R-1107-07,TCGA-05-4244,tumor,LUAD
TCGA-05-4422-01A-01R-1206-07,TCGA-05-4422,tumor,LUAD
TCGA-78-7159-01A-11R-2039-07,TCGA-78-7159,tumor,LUAD
TCGA-95-7948-01A-11R-2187-07,TCGA-95-7948,tumor,LUAD
TCGA-44-7659-01A-11R-2066-07,TCGA-44-7659,tumor,LUAD
TCGA-55-A490-01A-11R-A466-07,TCGA-55-A490,tumor,LUAD
TCGA-97-8176-01A-11R-2403-07,TCGA-97-8176,tumor,LUAD
TCGA-78-7535-01A-11R-2066-07,TCGA-78-7535,tumor,LUAD
TCGA-62-A46S-01A-11R-A24H-07,TCGA-62-A46S,tumor,LUAD
TCGA-78-7539-01A-11R-2066-07,TCGA-78-7539,tumor,LUAD
TCGA-97-8171-01A-11R-2287-07,TCGA-97-8171,tumor,LUAD
TCGA-05-4432-01A-01R-1206-07,TCGA-05-4432,tumor,LUAD
TCGA-95-7039-01A-11R-1949-07,TCGA-95-7039,tumor,LUAD
TCGA-62-8398-01A-11R-2326-07,TCGA-62-8398,tumor,LUAD
TCGA-78-7542-01A-21R-2066-07,TCGA-78-7542,tumor,LUAD
TCGA-38-6178-01A-11R-1755-07,TCGA-38-6178,tumor,LUAD
TCGA-55-8512-01A-11R-2403-07,TCGA-55-8512,tumor,LUAD
TCGA-NJ-A4YI-01A-11R-A262-07,TCGA-NJ-A4YI,tumor,LUAD
TCGA-50-7109-01A-11R-2039-07,TCGA-50-7109,tumor,LUAD
TCGA-93-7348-01A-21R-2039-07,TCGA-93-7348,tumor,LUAD
TCGA-86-8074-01A-11R-2241-07,TCGA-86-8074,tumor,LUAD
TCGA-78-7161-01A-11R-2039-07,TCGA-78-7161,tumor,LUAD
TCGA-05-4426-01A-01R-1206-07,TCGA-05-4426,tumor,LUAD
TCGA-44-2659-01A-01R-0946-07,TCGA-44-2659,tumor,LUAD
TCGA-MP-A4TI-01A-21R-A24X-07,TCGA-MP-A4TI,tumor,LUAD
TCGA-NJ-A55O-01A-11R-A262-07,TCGA-NJ-A55O,tumor,LUAD
TCGA-55-7570-01A-11R-2039-07,TCGA-55-7570,tumor,LUAD
TCGA-49-AARO-01A-12R-A41B-07,TCGA-49-AARO,tumor,LUAD
TCGA-44-7660-01A-11R-2066-07,TCGA-44-7660,tumor,LUAD
TCGA-55-7994-01A-11R-2187-07,TCGA-55-7994,tumor,LUAD
TCGA-05-4430-01A-02R-1206-07,TCGA-05-4430,tumor,LUAD
TCGA-05-4418-01A-01R-1206-07,TCGA-05-4418,tumor,LUAD
TCGA-44-8119-01A-11R-2241-07,TCGA-44-8119,tumor,LUAD
TCGA-99-AA5R-01A-11R-A39D-07,TCGA-99-AA5R,tumor,LUAD
TCGA-86-7701-01A-11R-2170-07,TCGA-86-7701,tumor,LUAD
TCGA-05-5428-01A-01R-1628-07,TCGA-05-5428,tumor,LUAD
TCGA-49-6767-01A-11R-1858-07,TCGA-49-6767,tumor,LUAD
TCGA-80-5607-01A-31R-1949-07,TCGA-80-5607,tumor,LUAD
TCGA-55-1595-01A-01R-0946-07,TCGA-55-1595,tumor,LUAD
TCGA-NJ-A4YQ-01A-11R-A262-07,TCGA-NJ-A4YQ,tumor,LUAD
TCGA-91-8499-01A-11R-2403-07,TCGA-91-8499,tumor,LUAD
TCGA-49-AARQ-01A-11R-A41B-07,TCGA-49-AARQ,tumor,LUAD
TCGA-69-7980-01A-11R-2187-07,TCGA-69-7980,tumor,LUAD
TCGA-97-A4M0-01A-11R-A24X-07,TCGA-97-A4M0,tumor,LUAD
TCGA-97-8174-01A-11R-2287-07,TCGA-97-8174,tumor,LUAD
TCGA-99-7458-01A-11R-2039-07,TCGA-99-7458,tumor,LUAD
TCGA-69-7763-01A-11R-2170-07,TCGA-69-7763,tumor,LUAD
TCGA-50-5072-01A-21R-1858-07,TCGA-50-5072,tumor,LUAD
TCGA-95-A4VN-01A-11R-A262-07,TCGA-95-A4VN,tumor,LUAD
TCGA-05-4389-01A-01R-1206-07,TCGA-05-4389,tumor,LUAD
TCGA-44-2656-01A-02R-0946-07,TCGA-44-2656,tumor,LUAD
TCGA-55-8513-01A-11R-2403-07,TCGA-55-8513,tumor,LUAD
TCGA-55-6712-01A-11R-1858-07,TCGA-55-6712,tumor,LUAD
TCGA-97-8179-01A-11R-2287-07,TCGA-97-8179,tumor,LUAD
TCGA-91-6848-01A-11R-1949-07,TCGA-91-6848,tumor,LUAD
TCGA-05-4417-01A-22R-1858-07,TCGA-05-4417,tumor,LUAD
TCGA-L9-A7SV-01A-11R-A39D-07,TCGA-L9-A7SV,tumor,LUAD
TCGA-MP-A4T4-01A-11R-A262-07,TCGA-MP-A4T4,tumor,LUAD
TCGA-93-A4JO-01A-21R-A24X-07,TCGA-93-A4JO,tumor,LUAD
TCGA-05-4382-01A-01R-1206-07,TCGA-05-4382,tumor,LUAD
TCGA-05-4420-01A-01R-1206-07,TCGA-05-4420,tumor,LUAD
TCGA-MP-A4TD-01A-32R-A262-07,TCGA-MP-A4TD,tumor,LUAD
TCGA-44-7667-01A-31R-2066-07,TCGA-44-7667,tumor,LUAD
TCGA-MN-A4N4-01A-12R-A24X-07,TCGA-MN-A4N4,tumor,LUAD
TCGA-75-5146-01A-01R-1628-07,TCGA-75-5146,tumor,LUAD
TCGA-55-8507-01A-11R-2403-07,TCGA-55-8507,tumor,LUAD
TCGA-44-7671-01A-11R-2066-07,TCGA-44-7671,tumor,LUAD
TCGA-50-6591-01A-11R-1755-07,TCGA-50-6591,tumor,LUAD
TCGA-78-7154-01A-11R-2039-07,TCGA-78-7154,tumor,LUAD
TCGA-64-5779-01A-01R-1628-07,TCGA-64-5779,tumor,LUAD
TCGA-05-5423-01A-01R-1628-07,TCGA-05-5423,tumor,LUAD
TCGA-55-A494-01A-11R-A24X-07,TCGA-55-A494,tumor,LUAD
TCGA-55-A493-01A-11R-A24H-07,TCGA-55-A493,tumor,LUAD
TCGA-05-4433-01A-22R-1858-07,TCGA-05-4433,tumor,LUAD
TCGA-05-4395-01A-01R-1206-07,TCGA-05-4395,tumor,LUAD
TCGA-L4-A4E5-01A-11R-A24X-07,TCGA-L4-A4E5,tumor,LUAD
TCGA-50-5946-01A-11R-1755-07,TCGA-50-5946,tumor,LUAD
TCGA-67-6215-01A-11R-1755-07,TCGA-67-6215,tumor,LUAD
TCGA-MN-A4N5-01A-11R-A24X-07,TCGA-MN-A4N5,tumor,LUAD
TCGA-50-8459-01A-11R-2326-07,TCGA-50-8459,tumor,LUAD
TCGA-50-6597-01A-11R-1858-07,TCGA-50-6597,tumor,LUAD
TCGA-69-7979-01A-11R-2187-07,TCGA-69-7979,tumor,LUAD
TCGA-55-7903-01A-11R-2170-07,TCGA-55-7903,tumor,LUAD
TCGA-MN-A4N1-01A-11R-A24X-07,TCGA-MN-A4N1,tumor,LUAD
TCGA-97-8547-01A-11R-2403-07,TCGA-97-8547,tumor,LUAD
TCGA-86-A4JF-01A-11R-A24X-07,TCGA-86-A4JF,tumor,LUAD
TCGA-55-8087-01A-11R-2241-07,TCGA-55-8087,tumor,LUAD
TCGA-55-8506-01A-11R-2403-07,TCGA-55-8506,tumor,LUAD
TCGA-67-3771-01A-01R-0946-07,TCGA-67-3771,tumor,LUAD
TCGA-99-8032-01A-11R-2241-07,TCGA-99-8032,tumor,LUAD
TCGA-55-7724-01A-11R-2170-07,TCGA-55-7724,tumor,LUAD
TCGA-86-8279-01A-11R-2287-07,TCGA-86-8279,tumor,LUAD
TCGA-78-8660-01A-11R-2403-07,TCGA-78-8660,tumor,LUAD
TCGA-55-8302-01A-11R-2326-07,TCGA-55-8302,tumor,LUAD
TCGA-69-7761-01A-11R-2170-07,TCGA-69-7761,tumor,LUAD
TCGA-50-6590-01A-12R-1858-07,TCGA-50-6590,tumor,LUAD
TCGA-62-8399-01A-21R-2326-07,TCGA-62-8399,tumor,LUAD
TCGA-55-7728-01A-11R-2187-07,TCGA-55-7728,tumor,LUAD
TCGA-86-7714-01A-12R-2170-07,TCGA-86-7714,tumor,LUAD
TCGA-55-7913-01B-11R-2241-07,TCGA-55-7913,tumor,LUAD
TCGA-86-8280-01A-11R-2287-07,TCGA-86-8280,tumor,LUAD
TCGA-78-7147-01A-11R-2039-07,TCGA-78-7147,tumor,LUAD
TCGA-49-4514-01A-21R-1858-07,TCGA-49-4514,tumor,LUAD
TCGA-95-A4VK-01A-11R-A262-07,TCGA-95-A4VK,tumor,LUAD
TCGA-55-8203-01A-11R-2241-07,TCGA-55-8203,tumor,LUAD
TCGA-86-8075-01A-11R-2241-07,TCGA-86-8075,tumor,LUAD
TCGA-91-A4BD-01A-11R-A24H-07,TCGA-91-A4BD,tumor,LUAD
TCGA-49-4486-01A-01R-1206-07,TCGA-49-4486,tumor,LUAD
TCGA-67-3773-01A-01R-0946-07,TCGA-67-3773,tumor,LUAD
TCGA-L4-A4E6-01A-11R-A24H-07,TCGA-L4-A4E6,tumor,LUAD
TCGA-86-6562-01A-11R-1755-07,TCGA-86-6562,tumor,LUAD
TCGA-50-8460-01A-11R-2326-07,TCGA-50-8460,tumor,LUAD
TCGA-73-4659-01A-01R-1206-07,TCGA-73-4659,tumor,LUAD
TCGA-75-6205-01A-11R-1755-07,TCGA-75-6205,tumor,LUAD
TCGA-62-A46U-01A-11R-A24H-07,TCGA-62-A46U,tumor,LUAD
TCGA-86-7953-01A-11R-2187-07,TCGA-86-7953,tumor,LUAD
TCGA-62-A46R-01A-11R-A24H-07,TCGA-62-A46R,tumor,LUAD
TCGA-38-4625-11A-01R-1758-07,TCGA-38-4625,normal,LUAD
TCGA-38-4626-11A-01R-1758-07,TCGA-38-4626,normal,LUAD
TCGA-38-4627-11A-01R-1758-07,TCGA-38-4627,normal,LUAD
TCGA-38-4632-11A-01R-1755-07,TCGA-38-4632,normal,LUAD
TCGA-44-2655-11A-01R-1758-07,TCGA-44-2655,normal,LUAD
TCGA-44-2657-11A-01R-1758-07,TCGA-44-2657,normal,LUAD
TCGA-44-2661-11A-01R-1758-07,TCGA-44-2661,normal,LUAD
TCGA-44-2662-11A-01R-1758-07,TCGA-44-2662,normal,LUAD
TCGA-44-2665-11A-01R-1758-07,TCGA-44-2665,normal,LUAD
TCGA-44-2668-11A-01R-1758-07,TCGA-44-2668,normal,LUAD
TCGA-44-3396-11A-01R-1758-07,TCGA-44-3396,normal,LUAD
TCGA-44-3398-11B-01R-1758-07,TCGA-44-3398,normal,LUAD
TCGA-44-5645-11A-01R-1628-07,TCGA-44-5645,normal,LUAD
TCGA-44-6144-11A-01R-1755-07,TCGA-44-6144,normal,LUAD
TCGA-44-6145-11A-01R-1858-07,TCGA-44-6145,normal,LUAD
TCGA-44-6146-11A-01R-1858-07,TCGA-44-6146,normal,LUAD
TCGA-44-6147-11A-01R-1858-07,TCGA-44-6147,normal,LUAD
TCGA-44-6148-11A-01R-1858-07,TCGA-44-6148,normal,LUAD
TCGA-44-6776-11A-01R-1858-07,TCGA-44-6776,normal,LUAD
TCGA-44-6777-11A-01R-1858-07,TCGA-44-6777,normal,LUAD
TCGA-44-6778-11A-01R-1858-07,TCGA-44-6778,normal,LUAD
TCGA-49-4490-11A-01R-1858-07,TCGA-49-4490,normal,LUAD
TCGA-49-4512-11A-01R-1858-07,TCGA-49-4512,normal,LUAD
TCGA-49-6742-11A-01R-1858-07,TCGA-49-6742,normal,LUAD
TCGA-49-6743-11A-01R-1858-07,TCGA-49-6743,normal,LUAD
TCGA-49-6744-11A-01R-1858-07,TCGA-49-6744,normal,LUAD
TCGA-49-6745-11A-01R-1858-07,TCGA-49-6745,normal,LUAD
TCGA-49-6761-11A-01R-1949-07,TCGA-49-6761,normal,LUAD
TCGA-50-5930-11A-01R-1755-07,TCGA-50-5930,normal,LUAD
TCGA-50-5931-11A-01R-1858-07,TCGA-50-5931,normal,LUAD
TCGA-50-5932-11A-01R-1755-07,TCGA-50-5932,normal,LUAD
TCGA-50-5933-11A-01R-1755-07,TCGA-50-5933,normal,LUAD
TCGA-50-5935-11A-01R-1858-07,TCGA-50-5935,normal,LUAD
TCGA-50-5936-11A-01R-1628-07,TCGA-50-5936,normal,LUAD
TCGA-50-5939-11A-01R-1628-07,TCGA-50-5939,normal,LUAD
TCGA-50-6595-11A-01R-1858-07,TCGA-50-6595,normal,LUAD
TCGA-55-6968-11A-01R-1949-07,TCGA-55-6968,normal,LUAD
TCGA-55-6969-11A-01R-1949-07,TCGA-55-6969,normal,LUAD
TCGA-55-6970-11A-01R-1949-07,TCGA-55-6970,normal,LUAD
TCGA-55-6971-11A-01R-1949-07,TCGA-55-6971,normal,LUAD
TCGA-55-6972-11A-01R-1949-07,TCGA-55-6972,normal,LUAD
TCGA-55-6975-11A-01R-1949-07,TCGA-55-6975,normal,LUAD
TCGA-55-6978-11A-01R-1949-07,TCGA-55-6978,normal,LUAD
TCGA-55-6979-11A-01R-1949-07,TCGA-55-6979,normal,LUAD
TCGA-55-6980-11A-01R-1949-07,TCGA-55-6980,normal,LUAD
TCGA-55-6981-11A-01R-1949-07,TCGA-55-6981,normal,LUAD
TCGA-55-6982-11A-01R-1949-07,TCGA-55-6982,normal,LUAD
TCGA-55-6983-11A-01R-1949-07,TCGA-55-6983,normal,LUAD
TCGA-55-6984-11A-01R-1949-07,TCGA-55-6984,normal,LUAD
TCGA-55-6985-11A-01R-1949-07,TCGA-55-6985,normal,LUAD
TCGA-55-6986-11A-01R-1949-07,TCGA-55-6986,normal,LUAD
TCGA-73-4676-11A-01R-1755-07,TCGA-73-4676,normal,LUAD
TCGA-91-6828-11A-01R-1858-07,TCGA-91-6828,normal,LUAD
TCGA-91-6829-11A-01R-1858-07,TCGA-91-6829,normal,LUAD
TCGA-91-6831-11A-02R-1858-07,TCGA-91-6831,normal,LUAD
TCGA-91-6835-11A-01R-1858-07,TCGA-91-6835,normal,LUAD
TCGA-91-6836-11A-01R-1858-07,TCGA-91-6836,normal,LUAD
TCGA-91-6847-11A-01R-1949-07,TCGA-91-6847,normal,LUAD
TCGA-91-6849-11A-01R-1949-07,TCGA-91-6849,normal,LUAD
TCGA-CH-5761-01A-11R-1580-07,TCGA-CH-5761,tumor,PRAD
TCGA-CH-5767-01A-11R-1789-07,TCGA-CH-5767,tumor,PRAD
TCGA-CH-5768-01A-11R-1580-07,TCGA-CH-5768,tumor,PRAD
TCGA-CH-5769-01A-11R-1580-07,TCGA-CH-5769,tumor,PRAD
TCGA-EJ-7115-01A-11R-2118-07,TCGA-EJ-7115,tumor,PRAD
TCGA-EJ-7123-01A-11R-1965-07,TCGA-EJ-7123,tumor,PRAD
TCGA-EJ-7125-01A-11R-1965-07,TCGA-EJ-7125,tumor,PRAD
TCGA-EJ-7314-01A-31R-2118-07,TCGA-EJ-7314,tumor,PRAD
TCGA-EJ-7315-01A-31R-2118-07,TCGA-EJ-7315,tumor,PRAD
TCGA-EJ-7317-01A-31R-2118-07,TCGA-EJ-7317,tumor,PRAD
TCGA-EJ-7321-01A-31R-2263-07,TCGA-EJ-7321,tumor,PRAD
TCGA-EJ-7327-01A-11R-2118-07,TCGA-EJ-7327,tumor,PRAD
TCGA-EJ-7328-01A-31R-2118-07,TCGA-EJ-7328,tumor,PRAD
TCGA-EJ-7330-01A-11R-2118-07,TCGA-EJ-7330,tumor,PRAD
TCGA-EJ-7331-01A-11R-2118-07,TCGA-EJ-7331,tumor,PRAD
TCGA-EJ-7781-01A-11R-2118-07,TCGA-EJ-7781,tumor,PRAD
TCGA-EJ-7782-01A-11R-2118-07,TCGA-EJ-7782,tumor,PRAD
TCGA-EJ-7783-01A-11R-2118-07,TCGA-EJ-7783,tumor,PRAD
TCGA-EJ-7784-01A-11R-2118-07,TCGA-EJ-7784,tumor,PRAD
TCGA-EJ-7785-01A-11R-2118-07,TCGA-EJ-7785,tumor,PRAD
TCGA-EJ-7786-01A-11R-2118-07,TCGA-EJ-7786,tumor,PRAD
TCGA-EJ-7789-01A-11R-2118-07,TCGA-EJ-7789,tumor,PRAD
TCGA-EJ-7792-01A-11R-2118-07,TCGA-EJ-7792,tumor,PRAD
TCGA-EJ-7793-01A-31R-2263-07,TCGA-EJ-7793,tumor,PRAD
TCGA-EJ-7794-01A-11R-2118-07,TCGA-EJ-7794,tumor,PRAD
TCGA-EJ-7797-01A-11R-2263-07,TCGA-EJ-7797,tumor,PRAD
TCGA-EJ-A8FO-01A-21R-A36G-07,TCGA-EJ-A8FO,tumor,PRAD
TCGA-G9-6333-01A-12R-1965-07,TCGA-G9-6333,tumor,PRAD
TCGA-G9-6342-01A-11R-1965-07,TCGA-G9-6342,tumor,PRAD
TCGA-G9-6348-01A-11R-1789-07,TCGA-G9-6348,tumor,PRAD
TCGA-G9-6351-01A-21R-1965-07,TCGA-G9-6351,tumor,PRAD
TCGA-G9-6356-01A-11R-1789-07,TCGA-G9-6356,tumor,PRAD
TCGA-G9-6362-01A-11R-1789-07,TCGA-G9-6362,tumor,PRAD
TCGA-G9-6363-01A-21R-1789-07,TCGA-G9-6363,tumor,PRAD
TCGA-G9-6365-01A-11R-1789-07,TCGA-G9-6365,tumor,PRAD
TCGA-G9-6384-01A-11R-1789-07,TCGA-G9-6384,tumor,PRAD
TCGA-G9-6496-01A-11R-1789-07,TCGA-G9-6496,tumor,PRAD
TCGA-G9-6499-01A-12R-1965-07,TCGA-G9-6499,tumor,PRAD
TCGA-HC-7211-01A-11R-2118-07,TCGA-HC-7211,tumor,PRAD
TCGA-HC-7737-01A-11R-2118-07,TCGA-HC-7737,tumor,PRAD
TCGA-HC-7738-01A-11R-2118-07,TCGA-HC-7738,tumor,PRAD
TCGA-HC-7740-01A-11R-2118-07,TCGA-HC-7740,tumor,PRAD
TCGA-HC-7742-01A-11R-2118-07,TCGA-HC-7742,tumor,PRAD
TCGA-HC-7745-01A-11R-2118-07,TCGA-HC-7745,tumor,PRAD
TCGA-HC-7747-01A-11R-2118-07,TCGA-HC-7747,tumor,PRAD
TCGA-HC-7752-01A-11R-2118-07,TCGA-HC-7752,tumor,PRAD
TCGA-HC-7819-01A-11R-2118-07,TCGA-HC-7819,tumor,PRAD
TCGA-HC-8258-01A-11R-2263-07,TCGA-HC-8258,tumor,PRAD
TCGA-HC-8259-01A-11R-2263-07,TCGA-HC-8259,tumor,PRAD
TCGA-HC-8260-01A-11R-2263-07,TCGA-HC-8260,tumor,PRAD
TCGA-HC-8262-01A-11R-2263-07,TCGA-HC-8262,tumor,PRAD
TCGA-J4-A83J-01A-11R-A36G-07,TCGA-J4-A83J,tumor,PRAD
TCGA-KK-A8IA-01A-11R-A36G-07,TCGA-KK-A8IA,tumor,PRAD
TCGA-VP-A878-01A-31R-A352-07,TCGA-VP-A878,tumor,PRAD
TCGA-FC-A66V-01A-21R-A30B-07,TCGA-FC-A66V,tumor,PRAD
TCGA-YL-A8SQ-01B-11R-A37L-07,TCGA-YL-A8SQ,tumor,PRAD
TCGA-EJ-5531-01A-01R-1580-07,TCGA-EJ-5531,tumor,PRAD
TCGA-CH-5766-01A-11R-1580-07,TCGA-CH-5766,tumor,PRAD
TCGA-HC-A6AN-01A-11R-A30B-07,TCGA-HC-A6AN,tumor,PRAD
TCGA-EJ-8468-01A-21R-2403-07,TCGA-EJ-8468,tumor,PRAD
TCGA-VP-A87C-01A-11R-A352-07,TCGA-VP-A87C,tumor,PRAD
TCGA-V1-A9OX-01A-11R-A41O-07,TCGA-V1-A9OX,tumor,PRAD
TCGA-EJ-5511-01A-01R-1580-07,TCGA-EJ-5511,tumor,PRAD
TCGA-G9-7523-01A-11R-2263-07,TCGA-G9-7523,tumor,PRAD
TCGA-VP-AA1N-01A-31R-A41O-07,TCGA-VP-AA1N,tumor,PRAD
TCGA-TK-A8OK-01A-22R-A36G-07,TCGA-TK-A8OK,tumor,PRAD
TCGA-Y6-A8TL-01A-21R-A37L-07,TCGA-Y6-A8TL,tumor,PRAD
TCGA-YL-A8SB-01A-31R-A37L-07,TCGA-YL-A8SB,tumor,PRAD
TCGA-EJ-7318-01B-11R-A32O-07,TCGA-EJ-7318,tumor,PRAD
TCGA-KC-A7F3-01A-21R-A33R-07,TCGA-KC-A7F3,tumor,PRAD
TCGA-YL-A8SC-01A-11R-A37L-07,TCGA-YL-A8SC,tumor,PRAD
TCGA-EJ-7788-01A-11R-2118-07,TCGA-EJ-7788,tumor,PRAD
TCGA-HC-7213-01A-11R-2118-07,TCGA-HC-7213,tumor,PRAD
TCGA-2A-AAYU-01A-11R-A41O-07,TCGA-2A-AAYU,tumor,PRAD
TCGA-EJ-A46I-01A-12R-A26U-07,TCGA-EJ-A46I,tumor,PRAD
TCGA-EJ-A65E-01A-11R-A29R-07,TCGA-EJ-A65E,tumor,PRAD
TCGA-FC-A5OB-01A-11R-A29R-07,TCGA-FC-A5OB,tumor,PRAD
TCGA-M7-A71Z-01A-12R-A32O-07,TCGA-M7-A71Z,tumor,PRAD
TCGA-EJ-5542-01A-01R-1580-07,TCGA-EJ-5542,tumor,PRAD
TCGA-EJ-8472-01A-11R-2403-07,TCGA-EJ-8472,tumor,PRAD
TCGA-J4-8200-01A-11R-A29R-07,TCGA-J4-8200,tumor,PRAD
TCGA-EJ-5494-01A-01R-1580-07,TCGA-EJ-5494,tumor,PRAD
TCGA-HC-7077-01A-11R-1965-07,TCGA-HC-7077,tumor,PRAD
TCGA-ZG-A9ND-01A-11R-A41O-07,TCGA-ZG-A9ND,tumor,PRAD
TCGA-EJ-7218-01B-11R-A32O-07,TCGA-EJ-7218,tumor,PRAD
TCGA-V1-A9OH-01A-11R-A41O-07,TCGA-V1-A9OH,tumor,PRAD
TCGA-G9-6377-01A-11R-1965-07,TCGA-G9-6377,tumor,PRAD
TCGA-YL-A9WJ-01A-11R-A37L-07,TCGA-YL-A9WJ,tumor,PRAD
TCGA-YL-A8SO-01B-31R-A37L-07,TCGA-YL-A8SO,tumor,PRAD
TCGA-EJ-7325-01B-11R-A32O-07,TCGA-EJ-7325,tumor,PRAD
TCGA-XJ-A83G-01A-11R-A352-07,TCGA-XJ-A83G,tumor,PRAD
TCGA-J9-A8CL-01A-11R-A352-07,TCGA-J9-A8CL,tumor,PRAD
TCGA-J9-A8CM-01A-11R-A352-07,TCGA-J9-A8CM,tumor,PRAD
TCGA-ZG-A9LZ-01A-11R-A41O-07,TCGA-ZG-A9LZ,tumor,PRAD
TCGA-FC-7708-01A-11R-2118-07,TCGA-FC-7708,tumor,PRAD
TCGA-ZG-A9L9-01A-11R-A41O-07,TCGA-ZG-A9L9,tumor,PRAD
TCGA-J4-AATV-01A-11R-A41O-07,TCGA-J4-AATV,tumor,PRAD
TCGA-VP-A87D-01A-11R-A352-07,TCGA-VP-A87D,tumor,PRAD
TCGA-EJ-A7NG-01A-31R-A33R-07,TCGA-EJ-A7NG,tumor,PRAD
TCGA-ZG-A9LY-01A-11R-A41O-07,TCGA-ZG-A9LY,tumor,PRAD
TCGA-EJ-7791-01A-11R-2118-07,TCGA-EJ-7791,tumor,PRAD
TCGA-CH-5788-01A-11R-1580-07,TCGA-CH-5788,tumor,PRAD
TCGA-G9-6347-01A-11R-A31N-07,TCGA-G9-6347,tumor,PRAD
TCGA-ZG-A9KY-01A-11R-A41O-07,TCGA-ZG-A9KY,tumor,PRAD
TCGA-KK-A7B4-01A-11R-A32O-07,TCGA-KK-A7B4,tumor,PRAD
TCGA-V1-A9OT-01A-11R-A41O-07,TCGA-V1-A9OT,tumor,PRAD
TCGA-CH-5737-01A-11R-1580-07,TCGA-CH-5737,tumor,PRAD
TCGA-XQ-A8TA-01A-11R-A36G-07,TCGA-XQ-A8TA,tumor,PRAD
TCGA-CH-5741-01A-11R-1580-07,TCGA-CH-5741,tumor,PRAD
TCGA-KK-A8IG-01A-11R-A36G-07,TCGA-KK-A8IG,tumor,PRAD
TCGA-G9-6367-01A-11R-1789-07,TCGA-G9-6367,tumor,PRAD
TCGA-2A-A8VL-01A-21R-A37L-07,TCGA-2A-A8VL,tumor,PRAD
TCGA-CH-5746-01A-11R-1580-07,TCGA-CH-5746,tumor,PRAD
TCGA-KK-A8IB-01A-11R-A36G-07,TCGA-KK-A8IB,tumor,PRAD
TCGA-KK-A8IL-01A-11R-A36G-07,TCGA-KK-A8IL,tumor,PRAD
TCGA-EJ-5512-01A-01R-1580-07,TCGA-EJ-5512,tumor,PRAD
TCGA-HC-8265-01A-11R-2263-07,TCGA-HC-8265,tumor,PRAD
TCGA-ZG-A9L5-01A-12R-A41O-07,TCGA-ZG-A9L5,tumor,PRAD
TCGA-ZG-A8QW-01A-11R-A37L-07,TCGA-ZG-A8QW,tumor,PRAD
TCGA-J4-AAU2-01A-11R-A41O-07,TCGA-J4-AAU2,tumor,PRAD
TCGA-KK-A8I4-01A-11R-A36G-07,TCGA-KK-A8I4,tumor,PRAD
TCGA-XJ-A9DQ-01A-11R-A37L-07,TCGA-XJ-A9DQ,tumor,PRAD
TCGA-CH-5754-01A-11R-1580-07,TCGA-CH-5754,tumor,PRAD
TCGA-VN-A88N-01A-11R-A36G-07,TCGA-VN-A88N,tumor,PRAD
TCGA-HC-A6AS-01A-11R-A30B-07,TCGA-HC-A6AS,tumor,PRAD
TCGA-KK-A7B2-01A-12R-A32O-07,TCGA-KK-A7B2,tumor,PRAD
TCGA-EJ-5497-01A-02R-1580-07,TCGA-EJ-5497,tumor,PRAD
TCGA-HC-7749-01A-11R-2118-07,TCGA-HC-7749,tumor,PRAD
TCGA-YL-A8SH-01B-11R-A37L-07,TCGA-YL-A8SH,tumor,PRAD
TCGA-J4-A67T-01A-11R-A311-07,TCGA-J4-A67T,tumor,PRAD
TCGA-KK-A6E4-01A-11R-A30B-07,TCGA-KK-A6E4,tumor,PRAD
TCGA-KK-A8IC-01A-11R-A36G-07,TCGA-KK-A8IC,tumor,PRAD
TCGA-KK-A8ID-01A-11R-A36G-07,TCGA-KK-A8ID,tumor,PRAD
TCGA-CH-5751-01A-11R-1580-07,TCGA-CH-5751,tumor,PRAD
TCGA-EJ-5502-01A-01R-1580-07,TCGA-EJ-5502,tumor,PRAD
TCGA-ZG-A8QZ-01A-11R-A37L-07,TCGA-ZG-A8QZ,tumor,PRAD
TCGA-ZG-A9M4-01A-11R-A41O-07,TCGA-ZG-A9M4,tumor,PRAD
TCGA-ZG-A9LS-01A-12R-A41O-07,TCGA-ZG-A9LS,tumor,PRAD
TCGA-VP-A87J-01A-11R-A352-07,TCGA-VP-A87J,tumor,PRAD
TCGA-EJ-5514-01A-01R-1580-07,TCGA-EJ-5514,tumor,PRAD
TCGA-ZG-A9L0-01A-11R-A41O-07,TCGA-ZG-A9L0,tumor,PRAD
TCGA-CH-5753-01A-11R-1580-07,TCGA-CH-5753,tumor,PRAD
TCGA-CH-5744-01A-11R-1580-07,TCGA-CH-5744,tumor,PRAD
TCGA-EJ-5525-01A-01R-1580-07,TCGA-EJ-5525,tumor,PRAD
TCGA-HC-7818-01A-11R-2118-07,TCGA-HC-7818,tumor,PRAD
TCGA-KC-A7F6-01A-11R-A33R-07,TCGA-KC-A7F6,tumor,PRAD
TCGA-CH-5771-01A-21R-1580-07,TCGA-CH-5771,tumor,PRAD
TCGA-EJ-A46B-01A-31R-A250-07,TCGA-EJ-A46B,tumor,PRAD
TCGA-QU-A6IL-01A-11R-A31N-07,TCGA-QU-A6IL,tumor,PRAD
TCGA-VN-A88P-01A-11R-A352-07,TCGA-VN-A88P,tumor,PRAD
TCGA-HC-8256-01A-11R-2263-07,TCGA-HC-8256,tumor,PRAD
TCGA-KK-A8I7-01A-21R-A36G-07,TCGA-KK-A8I7,tumor,PRAD
TCGA-EJ-A65F-01A-21R-A311-07,TCGA-EJ-A65F,tumor,PRAD
TCGA-J9-A8CN-01A-11R-A352-07,TCGA-J9-A8CN,tumor,PRAD
TCGA-HI-7170-01A-11R-2118-07,TCGA-HI-7170,tumor,PRAD
TCGA-XK-AAK1-01A-11R-A41O-07,TCGA-XK-AAK1,tumor,PRAD
TCGA-V1-A8MK-01A-11R-A36G-07,TCGA-V1-A8MK,tumor,PRAD
TCGA-HC-7817-01B-11R-A29R-07,TCGA-HC-7817,tumor,PRAD
TCGA-EJ-A7NK-01A-12R-A352-07,TCGA-EJ-A7NK,tumor,PRAD
TCGA-VN-A88L-01A-11R-A352-07,TCGA-VN-A88L,tumor,PRAD
TCGA-2A-A8W1-01A-11R-A37L-07,TCGA-2A-A8W1,tumor,PRAD
TCGA-EJ-5501-01A-01R-1580-07,TCGA-EJ-5501,tumor,PRAD
TCGA-H9-A6BX-01A-31R-A311-07,TCGA-H9-A6BX,tumor,PRAD
TCGA-YL-A8HO-01A-11R-A36G-07,TCGA-YL-A8HO,tumor,PRAD
TCGA-XK-AAJA-01A-11R-A41O-07,TCGA-XK-AAJA,tumor,PRAD
TCGA-KK-A8I6-01A-11R-A36G-07,TCGA-KK-A8I6,tumor,PRAD
TCGA-CH-5743-01A-21R-1580-07,TCGA-CH-5743,tumor,PRAD
TCGA-YL-A8SP-01B-11R-A37L-07,TCGA-YL-A8SP,tumor,PRAD
TCGA-G9-6339-01A-12R-A311-07,TCGA-G9-6339,tumor,PRAD
TCGA-V1-A8ML-01A-11R-A37L-07,TCGA-V1-A8ML,tumor,PRAD
TCGA-2A-A8VV-01A-11R-A37L-07,TCGA-2A-A8VV,tumor,PRAD
TCGA-CH-5745-01A-11R-1580-07,TCGA-CH-5745,tumor,PRAD
TCGA-KC-A7F5-01A-11R-A33R-07,TCGA-KC-A7F5,tumor,PRAD
TCGA-EJ-5517-01A-01R-1580-07,TCGA-EJ-5517,tumor,PRAD
TCGA-J4-A83K-01A-11R-A352-07,TCGA-J4-A83K,tumor,PRAD
TCGA-G9-6385-01A-11R-1789-07,TCGA-G9-6385,tumor,PRAD
TCGA-EJ-5521-01A-01R-1580-07,TCGA-EJ-5521,tumor,PRAD
TCGA-EJ-A8FU-01A-11R-A36G-07,TCGA-EJ-A8FU,tumor,PRAD
TCGA-SU-A7E7-01A-22R-A33R-07,TCGA-SU-A7E7,tumor,PRAD
TCGA-J4-A67R-01A-21R-A30B-07,TCGA-J4-A67R,tumor,PRAD
TCGA-CH-5765-01A-11R-1580-07,TCGA-CH-5765,tumor,PRAD
TCGA-H9-7775-01A-11R-2118-07,TCGA-H9-7775,tumor,PRAD
TCGA-G9-6366-01A-11R-2118-07,TCGA-G9-6366,tumor,PRAD
TCGA-CH-5762-01A-11R-1580-07,TCGA-CH-5762,tumor,PRAD
TCGA-2A-AAYF-01A-11R-A41O-07,TCGA-2A-AAYF,tumor,PRAD
TCGA-YL-A8SF-01A-11R-A37L-07,TCGA-YL-A8SF,tumor,PRAD
TCGA-EJ-A8FP-01A-21R-A36G-07,TCGA-EJ-A8FP,tumor,PRAD
TCGA-J4-A83M-01A-11R-A352-07,TCGA-J4-A83M,tumor,PRAD
TCGA-YL-A9WI-01A-11R-A37L-07,TCGA-YL-A9WI,tumor,PRAD
TCGA-FC-A6HD-01A-11R-A31N-07,TCGA-FC-A6HD,tumor,PRAD
TCGA-FC-7961-01A-11R-A29R-07,TCGA-FC-7961,tumor,PRAD
TCGA-HC-7232-01A-11R-2118-07,TCGA-HC-7232,tumor,PRAD
TCGA-YL-A9WX-01A-21R-A41O-07,TCGA-YL-A9WX,tumor,PRAD
TCGA-ZG-A9LB-01A-11R-A41O-07,TCGA-ZG-A9LB,tumor,PRAD
TCGA-V1-A9Z9-01A-21R-A41O-07,TCGA-V1-A9Z9,tumor,PRAD
TCGA-H9-A6BY-01A-11R-A30B-07,TCGA-H9-A6BY,tumor,PRAD
TCGA-M7-A71Y-01A-22R-A32O-07,TCGA-M7-A71Y,tumor,PRAD
TCGA-YL-A8HL-01A-11R-A36G-07,TCGA-YL-A8HL,tumor,PRAD
TCGA-G9-6494-01A-11R-1789-07,TCGA-G9-6494,tumor,PRAD
TCGA-ZG-A8QY-01A-11R-A37L-07,TCGA-ZG-A8QY,tumor,PRAD
TCGA-YL-A8HK-01A-11R-A36G-07,TCGA-YL-A8HK,tumor,PRAD
TCGA-YL-A8HJ-01A-11R-A36G-07,TCGA-YL-A8HJ,tumor,PRAD
TCGA-HC-A6AQ-01A-11R-A30B-07,TCGA-HC-A6AQ,tumor,PRAD
TCGA-EJ-A8FS-01A-11R-A352-07,TCGA-EJ-A8FS,tumor,PRAD
TCGA-J4-A6G3-01A-11R-A311-07,TCGA-J4-A6G3,tumor,PRAD
TCGA-G9-7519-01A-11R-2263-07,TCGA-G9-7519,tumor,PRAD
TCGA-VP-A876-01A-11R-A352-07,TCGA-VP-A876,tumor,PRAD
TCGA-G9-A9S7-01A-11R-A41O-07,TCGA-G9-A9S7,tumor,PRAD
TCGA-CH-5761-11A-01R-1580-07,TCGA-CH-5761,normal,PRAD
TCGA-CH-5767-11B-01R-1789-07,TCGA-CH-5767,normal,PRAD
TCGA-CH-5768-11A-01R-1580-07,TCGA-CH-5768,normal,PRAD
TCGA-CH-5769-11A-01R-1580-07,TCGA-CH-5769,normal,PRAD
TCGA-EJ-7115-11A-01R-2118-07,TCGA-EJ-7115,normal,PRAD
TCGA-EJ-7123-11A-01R-1965-07,TCGA-EJ-7123,normal,PRAD
TCGA-EJ-7125-11A-01R-1965-07,TCGA-EJ-7125,normal,PRAD
TCGA-EJ-7314-11A-01R-2118-07,TCGA-EJ-7314,normal,PRAD
TCGA-EJ-7315-11A-01R-2118-07,TCGA-EJ-7315,normal,PRAD
TCGA-EJ-7317-11A-01R-2118-07,TCGA-EJ-7317,normal,PRAD
TCGA-EJ-7321-11A-01R-2263-07,TCGA-EJ-7321,normal,PRAD
TCGA-EJ-7327-11A-01R-2118-07,TCGA-EJ-7327,normal,PRAD
TCGA-EJ-7328-11A-01R-2118-07,TCGA-EJ-7328,normal,PRAD
TCGA-EJ-7330-11A-01R-2118-07,TCGA-EJ-7330,normal,PRAD
TCGA-EJ-7331-11A-01R-2118-07,TCGA-EJ-7331,normal,PRAD
TCGA-EJ-7781-11A-01R-2118-07,TCGA-EJ-7781,normal,PRAD
TCGA-EJ-7782-11A-01R-2118-07,TCGA-EJ-7782,normal,PRAD
TCGA-EJ-7783-11A-01R-2118-07,TCGA-EJ-7783,normal,PRAD
TCGA-EJ-7784-11A-01R-2118-07,TCGA-EJ-7784,normal,PRAD
TCGA-EJ-7785-11A-01R-2118-07,TCGA-EJ-7785,normal,PRAD
TCGA-EJ-7786-11A-01R-2118-07,TCGA-EJ-7786,normal,PRAD
TCGA-EJ-7789-11A-01R-2118-07,TCGA-EJ-7789,normal,PRAD
TCGA-EJ-7792-11A-01R-2118-07,TCGA-EJ-7792,normal,PRAD
TCGA-EJ-7793-11A-01R-2263-07,TCGA-EJ-7793,normal,PRAD
TCGA-EJ-7794-11A-01R-2118-07,TCGA-EJ-7794,normal,PRAD
TCGA-EJ-7797-11A-01R-2263-07,TCGA-EJ-7797,normal,PRAD
TCGA-EJ-A8FO-11A-11R-A36G-07,TCGA-EJ-A8FO,normal,PRAD
TCGA-G9-6333-11A-01R-1965-07,TCGA-G9-6333,normal,PRAD
TCGA-G9-6342-11A-02R-1965-07,TCGA-G9-6342,normal,PRAD
TCGA-G9-6348-11A-01R-1789-07,TCGA-G9-6348,normal,PRAD
TCGA-G9-6351-11A-01R-1965-07,TCGA-G9-6351,normal,PRAD
TCGA-G9-6356-11A-01R-1789-07,TCGA-G9-6356,normal,PRAD
TCGA-G9-6362-11A-01R-1789-07,TCGA-G9-6362,normal,PRAD
TCGA-G9-6363-11A-01R-1789-07,TCGA-G9-6363,normal,PRAD
TCGA-G9-6365-11A-01R-1789-07,TCGA-G9-6365,normal,PRAD
TCGA-G9-6384-11A-01R-1858-07,TCGA-G9-6384,normal,PRAD
TCGA-G9-6496-11A-01R-1789-07,TCGA-G9-6496,normal,PRAD
TCGA-G9-6499-11A-02R-1965-07,TCGA-G9-6499,normal,PRAD
TCGA-HC-7211-11A-01R-2118-07,TCGA-HC-7211,normal,PRAD
TCGA-HC-7737-11A-02R-2118-07,TCGA-HC-7737,normal,PRAD
TCGA-HC-7738-11A-01R-2118-07,TCGA-HC-7738,normal,PRAD
TCGA-HC-7740-11A-01R-2118-07,TCGA-HC-7740,normal,PRAD
TCGA-HC-7742-11A-01R-2118-07,TCGA-HC-7742,normal,PRAD
TCGA-HC-7745-11A-01R-2118-07,TCGA-HC-7745,normal,PRAD
TCGA-HC-7747-11A-01R-2118-07,TCGA-HC-7747,normal,PRAD
TCGA-HC-7752-11A-01R-2118-07,TCGA-HC-7752,normal,PRAD
TCGA-HC-7819-11A-01R-2118-07,TCGA-HC-7819,normal,PRAD
TCGA-HC-8258-11A-01R-2263-07,TCGA-HC-8258,normal,PRAD
TCGA-HC-8259-11A-01R-2263-07,TCGA-HC-8259,normal,PRAD
TCGA-HC-8260-11A-01R-2263-07,TCGA-HC-8260,normal,PRAD
TCGA-HC-8262-11A-01R-2263-07,TCGA-HC-8262,normal,PRAD
TCGA-J4-A83J-11A-11R-A36G-07,TCGA-J4-A83J,normal,PRAD
